addrCd,csForCnt,csNatCnt,gungu,resNm,rnum,sido,yyymm
0,14137,43677,종로구,창덕궁,1,서울특별시,201101
0,0,6523,종로구,운현궁,2,서울특별시,201101
0,40224,141183,종로구,경복궁,3,서울특별시,201101
0,697,17644,종로구,창경궁,4,서울특별시,201101
0,6837,11486,종로구,종묘,5,서울특별시,201101
0,0,260272,용산구,국립중앙박물관,6,서울특별시,201101
0,0,57787,종로구,서울역사박물관,7,서울특별시,201101
0,5743,92135,중구,덕수궁,8,서울특별시,201101
0,0,234587,중구,서울시립미술관 본관,9,서울특별시,201101
0,6,1747,노원구,태릉 ·  강릉 · 조선왕릉전시관,10,서울특별시,201101
0,0,18407,서대문구,서대문형무소역사관,11,서울특별시,201101
0,0,34551,서대문구,서대문자연사박물관,12,서울특별시,201101
0,0,10128,마포구,트릭아이미술관,13,서울특별시,201101
0,168,736,서초구,헌릉ㆍ인릉,14,서울특별시,201101
0,1365,13486,강남구,선릉·정릉,15,서울특별시,201101
0,29335,494730,송파구,롯데월드,16,서울특별시,201101
0,18114,73330,종로구,창덕궁,1,서울특별시,201102
0,0,10682,종로구,운현궁,2,서울특별시,201102
0,44906,230814,종로구,경복궁,3,서울특별시,201102
0,914,35708,종로구,창경궁,4,서울특별시,201102
0,8534,17078,종로구,종묘,5,서울특별시,201102
0,0,224691,용산구,국립중앙박물관,6,서울특별시,201102
0,0,64148,종로구,서울역사박물관,7,서울특별시,201102
0,8269,132920,중구,덕수궁,8,서울특별시,201102
0,0,171376,중구,서울시립미술관 본관,9,서울특별시,201102
0,2,1943,노원구,태릉 ·  강릉 · 조선왕릉전시관,10,서울특별시,201102
0,0,14387,서대문구,서대문형무소역사관,11,서울특별시,201102
0,0,20934,서대문구,서대문자연사박물관,12,서울특별시,201102
0,0,15695,마포구,트릭아이미술관,13,서울특별시,201102
0,168,1730,서초구,헌릉ㆍ인릉,14,서울특별시,201102
0,1307,18578,강남구,선릉·정릉,15,서울특별시,201102
0,33180,506321,송파구,롯데월드,16,서울특별시,201102
0,28749,78705,종로구,창덕궁,1,서울특별시,201103
0,0,10024,종로구,운현궁,2,서울특별시,201103
0,73166,228276,종로구,경복궁,3,서울특별시,201103
0,1664,29856,종로구,창경궁,4,서울특별시,201103
0,13186,22238,종로구,종묘,5,서울특별시,201103
0,0,184565,용산구,국립중앙박물관,6,서울특별시,201103
0,0,72844,종로구,서울역사박물관,7,서울특별시,201103
0,10311,64869,중구,덕수궁,8,서울특별시,201103
0,0,260687,중구,서울시립미술관 본관,9,서울특별시,201103
0,2,3000,노원구,태릉 ·  강릉 · 조선왕릉전시관,10,서울특별시,201103
0,0,47554,서대문구,서대문형무소역사관,11,서울특별시,201103
0,0,18641,서대문구,서대문자연사박물관,12,서울특별시,201103
0,0,11468,마포구,트릭아이미술관,13,서울특별시,201103
0,351,2085,서초구,헌릉ㆍ인릉,14,서울특별시,201103
0,2546,22696,강남구,선릉·정릉,15,서울특별시,201103
0,23335,288170,송파구,롯데월드,16,서울특별시,201103
0,33551,129150,종로구,창덕궁,1,서울특별시,201104
0,0,17574,종로구,운현궁,2,서울특별시,201104
0,89972,349368,종로구,경복궁,3,서울특별시,201104
0,1687,70101,종로구,창경궁,4,서울특별시,201104
0,13436,30470,종로구,종묘,5,서울특별시,201104
0,0,240861,용산구,국립중앙박물관,6,서울특별시,201104
0,0,128120,종로구,서울역사박물관,7,서울특별시,201104
0,12037,85548,중구,덕수궁,8,서울특별시,201104
0,0,56024,중구,서울시립미술관 본관,9,서울특별시,201104
0,1,8029,노원구,태릉 ·  강릉 · 조선왕릉전시관,10,서울특별시,201104
0,0,66009,서대문구,서대문형무소역사관,11,서울특별시,201104
0,0,24078,서대문구,서대문자연사박물관,12,서울특별시,201104
0,0,11577,마포구,트릭아이미술관,13,서울특별시,201104
0,255,5212,서초구,헌릉ㆍ인릉,14,서울특별시,201104
0,3038,43184,강남구,선릉·정릉,15,서울특별시,201104
0,23615,446939,송파구,롯데월드,16,서울특별시,201104
0,33678,151833,종로구,창덕궁,1,서울특별시,201105
0,0,27575,종로구,운현궁,2,서울특별시,201105
0,80539,438567,종로구,경복궁,3,서울특별시,201105
0,1872,78017,종로구,창경궁,4,서울특별시,201105
0,15798,56106,종로구,종묘,5,서울특별시,201105
0,0,307969,용산구,국립중앙박물관,6,서울특별시,201105
0,0,155529,종로구,서울역사박물관,7,서울특별시,201105
0,11964,103100,중구,덕수궁,8,서울특별시,201105
0,0,279310,중구,서울시립미술관 본관,9,서울특별시,201105
0,0,17108,노원구,태릉 ·  강릉 · 조선왕릉전시관,10,서울특별시,201105
0,0,72267,서대문구,서대문형무소역사관,11,서울특별시,201105
0,0,25593,서대문구,서대문자연사박물관,12,서울특별시,201105
0,0,9507,마포구,트릭아이미술관,13,서울특별시,201105
0,314,6201,서초구,헌릉ㆍ인릉,14,서울특별시,201105
0,3728,44836,강남구,선릉·정릉,15,서울특별시,201105
0,18532,474422,송파구,롯데월드,16,서울특별시,201105
0,34882,108262,종로구,창덕궁,1,서울특별시,201106
0,0,13609,종로구,운현궁,2,서울특별시,201106
0,70120,252185,종로구,경복궁,3,서울특별시,201106
0,2223,40319,종로구,창경궁,4,서울특별시,201106
0,17166,28144,종로구,종묘,5,서울특별시,201106
0,0,214570,용산구,국립중앙박물관,6,서울특별시,201106
0,0,115230,종로구,서울역사박물관,7,서울특별시,201106
0,10549,81489,중구,덕수궁,8,서울특별시,201106
0,0,178302,중구,서울시립미술관 본관,9,서울특별시,201106
0,2,8912,노원구,태릉 ·  강릉 · 조선왕릉전시관,10,서울특별시,201106
0,0,65633,서대문구,서대문형무소역사관,11,서울특별시,201106
0,0,25607,서대문구,서대문자연사박물관,12,서울특별시,201106
0,0,6916,마포구,트릭아이미술관,13,서울특별시,201106
0,419,5840,서초구,헌릉ㆍ인릉,14,서울특별시,201106
0,4998,38306,강남구,선릉·정릉,15,서울특별시,201106
0,27591,335882,송파구,롯데월드,16,서울특별시,201106
0,33502,91527,종로구,창덕궁,1,서울특별시,201107
0,0,10498,종로구,운현궁,2,서울특별시,201107
0,141034,275074,종로구,경복궁,3,서울특별시,201107
0,2415,31333,종로구,창경궁,4,서울특별시,201107
0,17675,25886,종로구,종묘,5,서울특별시,201107
0,0,331836,용산구,국립중앙박물관,6,서울특별시,201107
0,0,116639,종로구,서울역사박물관,7,서울특별시,201107
0,11172,81544,중구,덕수궁,8,서울특별시,201107
0,0,34784,중구,서울시립미술관 본관,9,서울특별시,201107
0,31,3562,노원구,태릉 ·  강릉 · 조선왕릉전시관,10,서울특별시,201107
0,0,22029,서대문구,서대문형무소역사관,11,서울특별시,201107
0,0,29552,서대문구,서대문자연사박물관,12,서울특별시,201107
0,0,18544,마포구,트릭아이미술관,13,서울특별시,201107
0,349,2053,서초구,헌릉ㆍ인릉,14,서울특별시,201107
0,4072,22506,강남구,선릉·정릉,15,서울특별시,201107
0,53028,478147,송파구,롯데월드,16,서울특별시,201107
0,39302,134374,종로구,창덕궁,1,서울특별시,201108
0,0,6490,종로구,운현궁,2,서울특별시,201108
0,169329,386264,종로구,경복궁,3,서울특별시,201108
0,3315,48915,종로구,창경궁,4,서울특별시,201108
0,20088,33560,종로구,종묘,5,서울특별시,201108
0,0,554395,용산구,국립중앙박물관,6,서울특별시,201108
0,0,127048,종로구,서울역사박물관,7,서울특별시,201108
0,14866,116552,중구,덕수궁,8,서울특별시,201108
0,0,79331,중구,서울시립미술관 본관,9,서울특별시,201108
0,26,5349,노원구,태릉 ·  강릉 · 조선왕릉전시관,10,서울특별시,201108
0,0,90282,서대문구,서대문형무소역사관,11,서울특별시,201108
0,0,45851,서대문구,서대문자연사박물관,12,서울특별시,201108
0,3714,35706,마포구,트릭아이미술관,13,서울특별시,201108
0,463,3571,서초구,헌릉ㆍ인릉,14,서울특별시,201108
0,4714,30516,강남구,선릉·정릉,15,서울특별시,201108
0,60790,658148,송파구,롯데월드,16,서울특별시,201108
0,47017,143467,종로구,창덕궁,1,서울특별시,201109
0,0,35130,종로구,운현궁,2,서울특별시,201109
0,152005,437683,종로구,경복궁,3,서울특별시,201109
0,1982,58076,종로구,창경궁,4,서울특별시,201109
0,22209,35330,종로구,종묘,5,서울특별시,201109
0,0,223776,용산구,국립중앙박물관,6,서울특별시,201109
0,0,106764,종로구,서울역사박물관,7,서울특별시,201109
0,13452,128343,중구,덕수궁,8,서울특별시,201109
0,0,57239,중구,서울시립미술관 본관,9,서울특별시,201109
0,26,8680,노원구,태릉 ·  강릉 · 조선왕릉전시관,10,서울특별시,201109
0,0,30466,서대문구,서대문형무소역사관,11,서울특별시,201109
0,0,18775,서대문구,서대문자연사박물관,12,서울특별시,201109
0,1114,9325,마포구,트릭아이미술관,13,서울특별시,201109
0,375,5548,서초구,헌릉ㆍ인릉,14,서울특별시,201109
0,5905,43319,강남구,선릉·정릉,15,서울특별시,201109
0,30581,376451,송파구,롯데월드,16,서울특별시,201109
0,53165,222484,종로구,창덕궁,1,서울특별시,201110
0,0,33436,종로구,운현궁,2,서울특별시,201110
0,164752,518742,종로구,경복궁,3,서울특별시,201110
0,2990,97869,종로구,창경궁,4,서울특별시,201110
0,26324,45339,종로구,종묘,5,서울특별시,201110
0,0,263728,용산구,국립중앙박물관,6,서울특별시,201110
0,0,103723,종로구,서울역사박물관,7,서울특별시,201110
0,18972,137870,중구,덕수궁,8,서울특별시,201110
0,0,76839,중구,서울시립미술관 본관,9,서울특별시,201110
0,47,16681,노원구,태릉 ·  강릉 · 조선왕릉전시관,10,서울특별시,201110
0,0,56041,서대문구,서대문형무소역사관,11,서울특별시,201110
0,0,27909,서대문구,서대문자연사박물관,12,서울특별시,201110
0,2046,8386,마포구,트릭아이미술관,13,서울특별시,201110
0,441,7901,서초구,헌릉ㆍ인릉,14,서울특별시,201110
0,6542,44530,강남구,선릉·정릉,15,서울특별시,201110
0,33938,509114,송파구,롯데월드,16,서울특별시,201110
0,62683,160836,종로구,창덕궁,1,서울특별시,201111
0,0,20705,종로구,운현궁,2,서울특별시,201111
0,126301,304318,종로구,경복궁,3,서울특별시,201111
0,3469,61697,종로구,창경궁,4,서울특별시,201111
0,23679,37579,종로구,종묘,5,서울특별시,201111
0,0,199058,용산구,국립중앙박물관,6,서울특별시,201111
0,0,85835,종로구,서울역사박물관,7,서울특별시,201111
0,16045,107467,중구,덕수궁,8,서울특별시,201111
0,0,112560,중구,서울시립미술관 본관,9,서울특별시,201111
0,32,5795,노원구,태릉 ·  강릉 · 조선왕릉전시관,10,서울특별시,201111
0,0,39012,서대문구,서대문형무소역사관,11,서울특별시,201111
0,0,27599,서대문구,서대문자연사박물관,12,서울특별시,201111
0,3329,7909,마포구,트릭아이미술관,13,서울특별시,201111
0,441,3413,서초구,헌릉ㆍ인릉,14,서울특별시,201111
0,7176,33425,강남구,선릉·정릉,15,서울특별시,201111
0,30793,454189,송파구,롯데월드,16,서울특별시,201111
0,44722,75991,종로구,창덕궁,1,서울특별시,201112
0,0,11017,종로구,운현궁,2,서울특별시,201112
0,132399,237330,종로구,경복궁,3,서울특별시,201112
0,3133,21267,종로구,창경궁,4,서울특별시,201112
0,18226,24223,종로구,종묘,5,서울특별시,201112
0,0,233828,용산구,국립중앙박물관,6,서울특별시,201112
0,0,93554,종로구,서울역사박물관,7,서울특별시,201112
0,13935,52140,중구,덕수궁,8,서울특별시,201112
0,0,61115,중구,서울시립미술관 본관,9,서울특별시,201112
0,10,1885,노원구,태릉 ·  강릉 · 조선왕릉전시관,10,서울특별시,201112
0,0,32412,서대문구,서대문형무소역사관,11,서울특별시,201112
0,0,19308,서대문구,서대문자연사박물관,12,서울특별시,201112
0,5214,6956,마포구,트릭아이미술관,13,서울특별시,201112
0,333,1823,서초구,헌릉ㆍ인릉,14,서울특별시,201112
0,4704,16634,강남구,선릉·정릉,15,서울특별시,201112
0,52484,642290,송파구,롯데월드,16,서울특별시,201112
0,32210,31760,종로구,창덕궁,1,서울특별시,201201
0,1093,6907,종로구,운현궁,2,서울특별시,201201
0,109310,114505,종로구,경복궁,3,서울특별시,201201
0,2295,17458,종로구,창경궁,4,서울특별시,201201
0,12293,5856,종로구,종묘,5,서울특별시,201201
0,6106,229035,용산구,국립중앙박물관,6,서울특별시,201201
0,1161,93801,종로구,서울역사박물관,7,서울특별시,201201
0,14033,40041,중구,덕수궁,8,서울특별시,201201
0,0,66605,중구,서울시립미술관 본관,9,서울특별시,201201
0,214,904,노원구,태릉 ·  강릉 · 조선왕릉전시관,10,서울특별시,201201
0,4783,17410,서대문구,서대문형무소역사관,11,서울특별시,201201
0,0,29042,서대문구,서대문자연사박물관,12,서울특별시,201201
0,8356,12797,마포구,트릭아이미술관,13,서울특별시,201201
0,154,1236,서초구,헌릉ㆍ인릉,14,서울특별시,201201
0,3204,10750,강남구,선릉·정릉,15,서울특별시,201201
0,61180,528011,송파구,롯데월드,16,서울특별시,201201
0,33764,37326,종로구,창덕궁,1,서울특별시,201202
0,1130,8111,종로구,운현궁,2,서울특별시,201202
0,79221,169684,종로구,경복궁,3,서울특별시,201202
0,2631,20267,종로구,창경궁,4,서울특별시,201202
0,13879,5016,종로구,종묘,5,서울특별시,201202
0,6973,161943,용산구,국립중앙박물관,6,서울특별시,201202
0,1090,79407,종로구,서울역사박물관,7,서울특별시,201202
0,11564,36900,중구,덕수궁,8,서울특별시,201202
0,0,68784,중구,서울시립미술관 본관,9,서울특별시,201202
0,143,796,노원구,태릉 ·  강릉 · 조선왕릉전시관,10,서울특별시,201202
0,4557,52249,서대문구,서대문형무소역사관,11,서울특별시,201202
0,0,18713,서대문구,서대문자연사박물관,12,서울특별시,201202
0,8536,15243,마포구,트릭아이미술관,13,서울특별시,201202
0,229,1273,서초구,헌릉ㆍ인릉,14,서울특별시,201202
0,4310,11893,강남구,선릉·정릉,15,서울특별시,201202
0,32489,479020,송파구,롯데월드,16,서울특별시,201202
0,50318,50573,종로구,창덕궁,1,서울특별시,201203
0,1602,10487,종로구,운현궁,2,서울특별시,201203
0,100000,233028,종로구,경복궁,3,서울특별시,201203
0,3861,27647,종로구,창경궁,4,서울특별시,201203
0,20341,21429,종로구,종묘,5,서울특별시,201203
0,9021,154580,용산구,국립중앙박물관,6,서울특별시,201203
0,1441,106514,종로구,서울역사박물관,7,서울특별시,201203
0,11675,40244,중구,덕수궁,8,서울특별시,201203
0,0,45941,중구,서울시립미술관 본관,9,서울특별시,201203
0,22,1757,노원구,태릉 ·  강릉 · 조선왕릉전시관,10,서울특별시,201203
0,3472,20586,서대문구,서대문형무소역사관,11,서울특별시,201203
0,0,30889,서대문구,서대문자연사박물관,12,서울특별시,201203
0,9705,12144,마포구,트릭아이미술관,13,서울특별시,201203
0,341,2657,서초구,헌릉ㆍ인릉,14,서울특별시,201203
0,4746,20797,강남구,선릉·정릉,15,서울특별시,201203
0,27841,401717,송파구,롯데월드,16,서울특별시,201203
0,61918,101738,종로구,창덕궁,1,서울특별시,201204
0,2439,16813,종로구,운현궁,2,서울특별시,201204
0,134279,336255,종로구,경복궁,3,서울특별시,201204
0,4553,75936,종로구,창경궁,4,서울특별시,201204
0,24327,27411,종로구,종묘,5,서울특별시,201204
0,12678,215851,용산구,국립중앙박물관,6,서울특별시,201204
0,2078,133570,종로구,서울역사박물관,7,서울특별시,201204
0,17003,66246,중구,덕수궁,8,서울특별시,201204
0,0,65663,중구,서울시립미술관 본관,9,서울특별시,201204
0,28,4126,노원구,태릉 ·  강릉 · 조선왕릉전시관,10,서울특별시,201204
0,3423,53840,서대문구,서대문형무소역사관,11,서울특별시,201204
0,0,30026,서대문구,서대문자연사박물관,12,서울특별시,201204
0,12132,9626,마포구,트릭아이미술관,13,서울특별시,201204
0,434,4695,서초구,헌릉ㆍ인릉,14,서울특별시,201204
0,7214,42458,강남구,선릉·정릉,15,서울특별시,201204
0,33524,509788,송파구,롯데월드,16,서울특별시,201204
0,65797,133635,종로구,창덕궁,1,서울특별시,201205
0,2631,24690,종로구,운현궁,2,서울특별시,201205
0,117936,481103,종로구,경복궁,3,서울특별시,201205
0,4117,80267,종로구,창경궁,4,서울특별시,201205
0,24439,27823,종로구,종묘,5,서울특별시,201205
0,15689,306757,용산구,국립중앙박물관,6,서울특별시,201205
0,2123,269387,종로구,서울역사박물관,7,서울특별시,201205
0,17252,89515,중구,덕수궁,8,서울특별시,201205
0,0,156643,중구,서울시립미술관 본관,9,서울특별시,201205
0,45,7100,노원구,태릉 ·  강릉 · 조선왕릉전시관,10,서울특별시,201205
0,5632,127886,서대문구,서대문형무소역사관,11,서울특별시,201205
0,0,23186,서대문구,서대문자연사박물관,12,서울특별시,201205
0,9398,12307,마포구,트릭아이미술관,13,서울특별시,201205
0,486,7436,서초구,헌릉ㆍ인릉,14,서울특별시,201205
0,8016,49540,강남구,선릉·정릉,15,서울특별시,201205
0,23966,504975,송파구,롯데월드,16,서울특별시,201205
0,57013,76116,종로구,창덕궁,1,서울특별시,201206
0,1856,17914,종로구,운현궁,2,서울특별시,201206
0,112631,224854,종로구,경복궁,3,서울특별시,201206
0,3319,47308,종로구,창경궁,4,서울특별시,201206
0,23566,16248,종로구,종묘,5,서울특별시,201206
0,16931,230204,용산구,국립중앙박물관,6,서울특별시,201206
0,1743,182096,종로구,서울역사박물관,7,서울특별시,201206
0,15057,69169,중구,덕수궁,8,서울특별시,201206
0,0,139584,중구,서울시립미술관 본관,9,서울특별시,201206
0,35,5086,노원구,태릉 ·  강릉 · 조선왕릉전시관,10,서울특별시,201206
0,3422,76369,서대문구,서대문형무소역사관,11,서울특별시,201206
0,0,33053,서대문구,서대문자연사박물관,12,서울특별시,201206
0,12082,10184,마포구,트릭아이미술관,13,서울특별시,201206
0,381,6406,서초구,헌릉ㆍ인릉,14,서울특별시,201206
0,6890,36509,강남구,선릉·정릉,15,서울특별시,201206
0,34373,421214,송파구,롯데월드,16,서울특별시,201206
0,50216,48983,종로구,창덕궁,1,서울특별시,201207
0,1916,10412,종로구,운현궁,2,서울특별시,201207
0,138101,193169,종로구,경복궁,3,서울특별시,201207
0,3350,26241,종로구,창경궁,4,서울특별시,201207
0,18653,12400,종로구,종묘,5,서울특별시,201207
0,20533,277935,용산구,국립중앙박물관,6,서울특별시,201207
0,2175,160020,종로구,서울역사박물관,7,서울특별시,201207
0,15909,43076,중구,덕수궁,8,서울특별시,201207
0,0,103733,중구,서울시립미술관 본관,9,서울특별시,201207
0,31,2031,노원구,태릉 ·  강릉 · 조선왕릉전시관,10,서울특별시,201207
0,5190,16839,서대문구,서대문형무소역사관,11,서울특별시,201207
0,0,31982,서대문구,서대문자연사박물관,12,서울특별시,201207
0,12279,16049,마포구,트릭아이미술관,13,서울특별시,201207
0,329,2111,서초구,헌릉ㆍ인릉,14,서울특별시,201207
0,5546,21715,강남구,선릉·정릉,15,서울특별시,201207
0,53359,486936,송파구,롯데월드,16,서울특별시,201207
0,52796,52876,종로구,창덕궁,1,서울특별시,201208
0,1999,9755,종로구,운현궁,2,서울특별시,201208
0,168712,202572,종로구,경복궁,3,서울특별시,201208
0,3565,26882,종로구,창경궁,4,서울특별시,201208
0,20343,12345,종로구,종묘,5,서울특별시,201208
0,20914,434529,용산구,국립중앙박물관,6,서울특별시,201208
0,2175,181507,종로구,서울역사박물관,7,서울특별시,201208
0,14081,45103,중구,덕수궁,8,서울특별시,201208
0,0,156966,중구,서울시립미술관 본관,9,서울특별시,201208
0,121,1714,노원구,태릉 ·  강릉 · 조선왕릉전시관,10,서울특별시,201208
0,8401,82241,서대문구,서대문형무소역사관,11,서울특별시,201208
0,0,43775,서대문구,서대문자연사박물관,12,서울특별시,201208
0,0,0,마포구,트릭아이미술관,13,서울특별시,201208
0,527,1593,서초구,헌릉ㆍ인릉,14,서울특별시,201208
0,4672,17434,강남구,선릉·정릉,15,서울특별시,201208
0,81427,594598,송파구,롯데월드,16,서울특별시,201208
0,52775,76660,종로구,창덕궁,1,서울특별시,201209
0,3209,34242,종로구,운현궁,2,서울특별시,201209
0,106412,296957,종로구,경복궁,3,서울특별시,201209
0,2736,42107,종로구,창경궁,4,서울특별시,201209
0,22209,13121,종로구,종묘,5,서울특별시,201209
0,13725,219211,용산구,국립중앙박물관,6,서울특별시,201209
0,1666,175273,종로구,서울역사박물관,7,서울특별시,201209
0,11711,49013,중구,덕수궁,8,서울특별시,201209
0,0,79396,중구,서울시립미술관 본관,9,서울특별시,201209
0,64,3278,노원구,태릉 ·  강릉 · 조선왕릉전시관,10,서울특별시,201209
0,6102,24364,서대문구,서대문형무소역사관,11,서울특별시,201209
0,0,21241,서대문구,서대문자연사박물관,12,서울특별시,201209
0,0,0,마포구,트릭아이미술관,13,서울특별시,201209
0,374,3848,서초구,헌릉ㆍ인릉,14,서울특별시,201209
0,5628,32681,강남구,선릉·정릉,15,서울특별시,201209
0,38382,394611,송파구,롯데월드,16,서울특별시,201209
0,57349,144268,종로구,창덕궁,1,서울특별시,201210
0,2457,29285,종로구,운현궁,2,서울특별시,201210
0,138532,520733,종로구,경복궁,3,서울특별시,201210
0,4008,125906,종로구,창경궁,4,서울특별시,201210
0,16198,21956,종로구,종묘,5,서울특별시,201210
0,20894,265513,용산구,국립중앙박물관,6,서울특별시,201210
0,4047,125261,종로구,서울역사박물관,7,서울특별시,201210
0,14512,143940,중구,덕수궁,8,서울특별시,201210
0,0,147860,중구,서울시립미술관 본관,9,서울특별시,201210
0,78,19554,노원구,태릉 ·  강릉 · 조선왕릉전시관,10,서울특별시,201210
0,5860,35768,서대문구,서대문형무소역사관,11,서울특별시,201210
0,0,25009,서대문구,서대문자연사박물관,12,서울특별시,201210
0,28799,12870,마포구,트릭아이미술관,13,서울특별시,201210
0,318,7365,서초구,헌릉ㆍ인릉,14,서울특별시,201210
0,44389,500556,송파구,롯데월드,15,서울특별시,201210
0,45427,89575,종로구,창덕궁,1,서울특별시,201211
0,1082,19029,종로구,운현궁,2,서울특별시,201211
0,113319,192476,종로구,경복궁,3,서울특별시,201211
0,3748,52830,종로구,창경궁,4,서울특별시,201211
0,12797,15881,종로구,종묘,5,서울특별시,201211
0,16857,231618,용산구,국립중앙박물관,6,서울특별시,201211
0,3537,96291,종로구,서울역사박물관,7,서울특별시,201211
0,13791,97241,중구,덕수궁,8,서울특별시,201211
0,0,120222,중구,서울시립미술관 본관,9,서울특별시,201211
0,21,4841,노원구,태릉 ·  강릉 · 조선왕릉전시관,10,서울특별시,201211
0,5364,21556,서대문구,서대문형무소역사관,11,서울특별시,201211
0,0,31214,서대문구,서대문자연사박물관,12,서울특별시,201211
0,13172,6319,마포구,트릭아이미술관,13,서울특별시,201211
0,139,2561,서초구,헌릉ㆍ인릉,14,서울특별시,201211
0,40071,562680,송파구,롯데월드,15,서울특별시,201211
0,27814,28061,종로구,창덕궁,1,서울특별시,201212
0,546,5978,종로구,운현궁,2,서울특별시,201212
0,105370,133012,종로구,경복궁,3,서울특별시,201212
0,1451,15722,종로구,창경궁,4,서울특별시,201212
0,8817,8068,종로구,종묘,5,서울특별시,201212
0,13033,227077,용산구,국립중앙박물관,6,서울특별시,201212
0,1138,78179,종로구,서울역사박물관,7,서울특별시,201212
0,11151,44855,중구,덕수궁,8,서울특별시,201212
0,0,213467,중구,서울시립미술관 본관,9,서울특별시,201212
0,15,1252,노원구,태릉 ·  강릉 · 조선왕릉전시관,10,서울특별시,201212
0,6625,14090,서대문구,서대문형무소역사관,11,서울특별시,201212
0,0,18881,서대문구,서대문자연사박물관,12,서울특별시,201212
0,24492,9167,마포구,트릭아이미술관,13,서울특별시,201212
0,62,860,서초구,헌릉ㆍ인릉,14,서울특별시,201212
0,66868,670056,송파구,롯데월드,15,서울특별시,201212
0,22253,30490,종로구,창덕궁,1,서울특별시,201301
0,82184,105724,종로구,경복궁,2,서울특별시,201301
0,1320,17562,종로구,창경궁,3,서울특별시,201301
0,7579,6996,종로구,종묘,4,서울특별시,201301
0,11276,233169,용산구,국립중앙박물관,5,서울특별시,201301
0,7555,46980,중구,덕수궁,6,서울특별시,201301
0,12,1290,노원구,태릉 ·  강릉 · 조선왕릉전시관,7,서울특별시,201301
0,0,14838,서대문구,서대문형무소역사관,8,서울특별시,201301
0,0,24092,서대문구,서대문자연사박물관,9,서울특별시,201301
0,20800,17191,마포구,트릭아이미술관,10,서울특별시,201301
0,64,813,서초구,헌릉ㆍ인릉,11,서울특별시,201301
0,1453,9132,강남구,선릉·정릉,12,서울특별시,201301
0,24859,36905,종로구,창덕궁,1,서울특별시,201302
0,92997,140253,종로구,경복궁,2,서울특별시,201302
0,1350,20990,종로구,창경궁,3,서울특별시,201302
0,8508,7747,종로구,종묘,4,서울특별시,201302
0,8571,192802,용산구,국립중앙박물관,5,서울특별시,201302
0,11506,46825,중구,덕수궁,6,서울특별시,201302
0,12,1494,노원구,태릉 ·  강릉 · 조선왕릉전시관,7,서울특별시,201302
0,0,9821,서대문구,서대문형무소역사관,8,서울특별시,201302
0,0,13630,서대문구,서대문자연사박물관,9,서울특별시,201302
0,23813,17144,마포구,트릭아이미술관,10,서울특별시,201302
0,68,1178,서초구,헌릉ㆍ인릉,11,서울특별시,201302
0,1592,9088,강남구,선릉·정릉,12,서울특별시,201302
0,43988,54054,종로구,창덕궁,1,서울특별시,201303
0,119793,179912,종로구,경복궁,2,서울특별시,201303
0,3100,36389,종로구,창경궁,3,서울특별시,201303
0,15635,13138,종로구,종묘,4,서울특별시,201303
0,10418,196436,용산구,국립중앙박물관,5,서울특별시,201303
0,12102,77718,중구,덕수궁,6,서울특별시,201303
0,25,4849,노원구,태릉 ·  강릉 · 조선왕릉전시관,7,서울특별시,201303
0,0,24100,서대문구,서대문형무소역사관,8,서울특별시,201303
0,0,18866,서대문구,서대문자연사박물관,9,서울특별시,201303
0,27340,9114,마포구,트릭아이미술관,10,서울특별시,201303
0,133,3030,서초구,헌릉ㆍ인릉,11,서울특별시,201303
0,2463,24267,강남구,선릉·정릉,12,서울특별시,201303
0,40807,101508,종로구,창덕궁,1,서울특별시,201304
0,130082,276043,종로구,경복궁,2,서울특별시,201304
0,2902,62810,종로구,창경궁,3,서울특별시,201304
0,10915,15444,종로구,종묘,4,서울특별시,201304
0,10762,226614,용산구,국립중앙박물관,5,서울특별시,201304
0,12512,96402,중구,덕수궁,6,서울특별시,201304
0,53,2995,노원구,태릉 ·  강릉 · 조선왕릉전시관,7,서울특별시,201304
0,4163,60970,서대문구,서대문형무소역사관,8,서울특별시,201304
0,0,26787,서대문구,서대문자연사박물관,9,서울특별시,201304
0,28487,5900,마포구,트릭아이미술관,10,서울특별시,201304
0,95,3146,서초구,헌릉ㆍ인릉,11,서울특별시,201304
0,3124,35449,강남구,선릉·정릉,12,서울특별시,201304
0,99693,265795,종로구,창덕궁,1,서울특별시,201305
0,82579,522279,종로구,경복궁,2,서울특별시,201305
0,2104,119635,종로구,창경궁,3,서울특별시,201305
0,10878,53760,종로구,종묘,4,서울특별시,201305
0,12071,296370,용산구,국립중앙박물관,5,서울특별시,201305
0,10535,103001,중구,덕수궁,6,서울특별시,201305
0,94,6618,노원구,태릉 ·  강릉 · 조선왕릉전시관,7,서울특별시,201305
0,5164,80636,서대문구,서대문형무소역사관,8,서울특별시,201305
0,0,21395,서대문구,서대문자연사박물관,9,서울특별시,201305
0,18537,10831,마포구,트릭아이미술관,10,서울특별시,201305
0,109,5967,서초구,헌릉ㆍ인릉,11,서울특별시,201305
0,2771,47665,강남구,선릉·정릉,12,서울특별시,201305
0,37541,83137,종로구,창덕궁,1,서울특별시,201306
0,115003,208081,종로구,경복궁,2,서울특별시,201306
0,1881,50889,종로구,창경궁,3,서울특별시,201306
0,8388,12628,종로구,종묘,4,서울특별시,201306
0,13513,183498,용산구,국립중앙박물관,5,서울특별시,201306
0,10140,63520,중구,덕수궁,6,서울특별시,201306
0,25,4789,노원구,태릉 ·  강릉 · 조선왕릉전시관,7,서울특별시,201306
0,3698,77297,서대문구,서대문형무소역사관,8,서울특별시,201306
0,0,32152,서대문구,서대문자연사박물관,9,서울특별시,201306
0,22324,9647,마포구,트릭아이미술관,10,서울특별시,201306
0,64,4424,서초구,헌릉ㆍ인릉,11,서울특별시,201306
0,2088,33987,강남구,선릉·정릉,12,서울특별시,201306
0,31461,48657,종로구,창덕궁,1,서울특별시,201307
0,162364,203073,종로구,경복궁,2,서울특별시,201307
0,1671,24995,종로구,창경궁,3,서울특별시,201307
0,8691,9167,종로구,종묘,4,서울특별시,201307
0,17016,238909,용산구,국립중앙박물관,5,서울특별시,201307
0,13544,48941,중구,덕수궁,6,서울특별시,201307
0,9,1568,노원구,태릉 ·  강릉 · 조선왕릉전시관,7,서울특별시,201307
0,5289,31750,서대문구,서대문형무소역사관,8,서울특별시,201307
0,0,31296,서대문구,서대문자연사박물관,9,서울특별시,201307
0,24952,19650,마포구,트릭아이미술관,10,서울특별시,201307
0,91,1602,서초구,헌릉ㆍ인릉,11,서울특별시,201307
0,1708,19108,강남구,선릉·정릉,12,서울특별시,201307
0,40040,68571,종로구,창덕궁,1,서울특별시,201308
0,205693,255664,종로구,경복궁,2,서울특별시,201308
0,2999,33110,종로구,창경궁,3,서울특별시,201308
0,11619,17067,종로구,종묘,4,서울특별시,201308
0,15595,365305,용산구,국립중앙박물관,5,서울특별시,201308
0,12830,65233,중구,덕수궁,6,서울특별시,201308
0,24,2532,노원구,태릉 ·  강릉 · 조선왕릉전시관,7,서울특별시,201308
0,8146,89168,서대문구,서대문형무소역사관,8,서울특별시,201308
0,0,48459,서대문구,서대문자연사박물관,9,서울특별시,201308
0,29694,50528,마포구,트릭아이미술관,10,서울특별시,201308
0,170,2843,서초구,헌릉ㆍ인릉,11,서울특별시,201308
0,2051,21900,강남구,선릉·정릉,12,서울특별시,201308
0,39392,97864,종로구,창덕궁,1,서울특별시,201309
0,144685,319869,종로구,경복궁,2,서울특별시,201309
0,2227,56914,종로구,창경궁,3,서울특별시,201309
0,11689,20382,종로구,종묘,4,서울특별시,201309
0,13225,226526,용산구,국립중앙박물관,5,서울특별시,201309
0,13769,97658,중구,덕수궁,6,서울특별시,201309
0,30,4188,노원구,태릉 ·  강릉 · 조선왕릉전시관,7,서울특별시,201309
0,6201,27942,서대문구,서대문형무소역사관,8,서울특별시,201309
0,0,23766,서대문구,서대문자연사박물관,9,서울특별시,201309
0,24252,16189,마포구,트릭아이미술관,10,서울특별시,201309
0,66,3916,서초구,헌릉ㆍ인릉,11,서울특별시,201309
0,2318,30650,강남구,선릉·정릉,12,서울특별시,201309
0,51382,144549,종로구,창덕궁,1,서울특별시,201310
0,107719,385056,종로구,경복궁,2,서울특별시,201310
0,4441,103908,종로구,창경궁,3,서울특별시,201310
0,12425,22552,종로구,종묘,4,서울특별시,201310
0,14406,265316,용산구,국립중앙박물관,5,서울특별시,201310
0,13137,123934,중구,덕수궁,6,서울특별시,201310
0,37,6163,노원구,태릉 ·  강릉 · 조선왕릉전시관,7,서울특별시,201310
0,5948,72607,서대문구,서대문형무소역사관,8,서울특별시,201310
0,0,24073,서대문구,서대문자연사박물관,9,서울특별시,201310
0,34428,9290,마포구,트릭아이미술관,10,서울특별시,201310
0,99,7139,서초구,헌릉ㆍ인릉,11,서울특별시,201310
0,3325,40085,강남구,선릉·정릉,12,서울특별시,201310
0,39748,107904,종로구,창덕궁,1,서울특별시,201311
0,101941,211840,종로구,경복궁,2,서울특별시,201311
0,3198,60978,종로구,창경궁,3,서울특별시,201311
0,9353,18896,종로구,종묘,4,서울특별시,201311
0,11066,192502,용산구,국립중앙박물관,5,서울특별시,201311
0,13426,166366,중구,덕수궁,6,서울특별시,201311
0,18,2634,노원구,태릉 ·  강릉 · 조선왕릉전시관,7,서울특별시,201311
0,5474,42760,서대문구,서대문형무소역사관,8,서울특별시,201311
0,0,33703,서대문구,서대문자연사박물관,9,서울특별시,201311
0,29330,7266,마포구,트릭아이미술관,10,서울특별시,201311
0,41,3289,서초구,헌릉ㆍ인릉,11,서울특별시,201311
0,3121,23575,강남구,선릉·정릉,12,서울특별시,201311
0,25550,38553,종로구,창덕궁,1,서울특별시,201312
0,101942,145544,종로구,경복궁,2,서울특별시,201312
0,1986,20035,종로구,창경궁,3,서울특별시,201312
0,6048,13896,종로구,종묘,4,서울특별시,201312
0,9083,286992,용산구,국립중앙박물관,5,서울특별시,201312
0,13282,99301,중구,덕수궁,6,서울특별시,201312
0,6,706,노원구,태릉 ·  강릉 · 조선왕릉전시관,7,서울특별시,201312
0,6732,14607,서대문구,서대문형무소역사관,8,서울특별시,201312
0,0,23245,서대문구,서대문자연사박물관,9,서울특별시,201312
0,43129,11886,마포구,트릭아이미술관,10,서울특별시,201312
0,16,1248,서초구,헌릉ㆍ인릉,11,서울특별시,201312
0,1445,11890,강남구,선릉·정릉,12,서울특별시,201312
0,19834,48482,종로구,창덕궁,1,서울특별시,201401
0,96716,169707,종로구,경복궁,2,서울특별시,201401
0,1599,21712,종로구,창경궁,3,서울특별시,201401
0,5674,14419,종로구,종묘,4,서울특별시,201401
0,7804,333749,용산구,국립중앙박물관,5,서울특별시,201401
0,9013,111450,중구,덕수궁,6,서울특별시,201401
0,80,905,노원구,태릉 ·  강릉 · 조선왕릉전시관,7,서울특별시,201401
0,5319,24880,서대문구,서대문형무소역사관,8,서울특별시,201401
0,0,38632,서대문구,서대문자연사박물관,9,서울특별시,201401
0,38306,15714,마포구,트릭아이미술관,10,서울특별시,201401
0,9,1401,서초구,헌릉ㆍ인릉,11,서울특별시,201401
0,1339,13176,강남구,선릉·정릉,12,서울특별시,201401
0,20715,44756,종로구,창덕궁,1,서울특별시,201402
0,103625,154435,종로구,경복궁,2,서울특별시,201402
0,1492,36721,종로구,창경궁,3,서울특별시,201402
0,5181,12307,종로구,종묘,4,서울특별시,201402
0,7847,243843,용산구,국립중앙박물관,5,서울특별시,201402
0,10022,93247,중구,덕수궁,6,서울특별시,201402
0,56,1026,노원구,태릉 ·  강릉 · 조선왕릉전시관,7,서울특별시,201402
0,3735,23139,서대문구,서대문형무소역사관,8,서울특별시,201402
0,0,24261,서대문구,서대문자연사박물관,9,서울특별시,201402
0,41728,16869,마포구,트릭아이미술관,10,서울특별시,201402
0,17,1460,서초구,헌릉ㆍ인릉,11,서울특별시,201402
0,1219,13361,강남구,선릉·정릉,12,서울특별시,201402
0,32402,63221,종로구,창덕궁,1,서울특별시,201403
0,126971,223788,종로구,경복궁,2,서울특별시,201403
0,2477,44840,종로구,창경궁,3,서울특별시,201403
0,7528,16116,종로구,종묘,4,서울특별시,201403
0,9590,172398,용산구,국립중앙박물관,5,서울특별시,201403
0,14088,144903,중구,덕수궁,6,서울특별시,201403
0,15,6751,노원구,태릉 ·  강릉 · 조선왕릉전시관,7,서울특별시,201403
0,3824,57660,서대문구,서대문형무소역사관,8,서울특별시,201403
0,0,29177,서대문구,서대문자연사박물관,9,서울특별시,201403
0,39670,12978,마포구,트릭아이미술관,10,서울특별시,201403
0,43,3252,서초구,헌릉ㆍ인릉,11,서울특별시,201403
0,1101,25566,강남구,선릉·정릉,12,서울특별시,201403
0,45258,145834,종로구,창덕궁,1,서울특별시,201404
0,162371,360411,종로구,경복궁,2,서울특별시,201404
0,4243,89737,종로구,창경궁,3,서울특별시,201404
0,6568,17958,종로구,종묘,4,서울특별시,201404
0,10362,196802,용산구,국립중앙박물관,5,서울특별시,201404
0,17886,86252,중구,덕수궁,6,서울특별시,201404
0,43,4129,노원구,태릉 ·  강릉 · 조선왕릉전시관,7,서울특별시,201404
0,4129,53213,서대문구,서대문형무소역사관,8,서울특별시,201404
0,0,24761,서대문구,서대문자연사박물관,9,서울특별시,201404
0,52314,8557,마포구,트릭아이미술관,10,서울특별시,201404
0,48,5129,서초구,헌릉ㆍ인릉,11,서울특별시,201404
0,1251,40860,강남구,선릉·정릉,12,서울특별시,201404
0,44392,143694,종로구,창덕궁,1,서울특별시,201405
0,162319,457248,종로구,경복궁,2,서울특별시,201405
0,4220,100809,종로구,창경궁,3,서울특별시,201405
0,9195,53528,종로구,종묘,4,서울특별시,201405
0,11508,338536,용산구,국립중앙박물관,5,서울특별시,201405
0,16745,100802,중구,덕수궁,6,서울특별시,201405
0,21,7130,노원구,태릉 ·  강릉 · 조선왕릉전시관,7,서울특별시,201405
0,5224,34650,서대문구,서대문형무소역사관,8,서울특별시,201405
0,0,26111,서대문구,서대문자연사박물관,9,서울특별시,201405
0,46929,9517,마포구,트릭아이미술관,10,서울특별시,201405
0,45,6544,서초구,헌릉ㆍ인릉,11,서울특별시,201405
0,1417,41747,강남구,선릉·정릉,12,서울특별시,201405
0,35345,76779,종로구,창덕궁,1,서울특별시,201406
0,154604,270469,종로구,경복궁,2,서울특별시,201406
0,2298,37959,종로구,창경궁,3,서울특별시,201406
0,5368,18263,종로구,종묘,4,서울특별시,201406
0,11074,305438,용산구,국립중앙박물관,5,서울특별시,201406
0,12516,62932,중구,덕수궁,6,서울특별시,201406
0,14,10011,노원구,태릉 ·  강릉 · 조선왕릉전시관,7,서울특별시,201406
0,3552,36078,서대문구,서대문형무소역사관,8,서울특별시,201406
0,0,29942,서대문구,서대문자연사박물관,9,서울특별시,201406
0,44300,12478,마포구,트릭아이미술관,10,서울특별시,201406
0,0,5537,서초구,헌릉ㆍ인릉,11,서울특별시,201406
0,1171,35824,강남구,선릉·정릉,12,서울특별시,201406
0,38585,62361,종로구,창덕궁,1,서울특별시,201407
0,218935,274596,종로구,경복궁,2,서울특별시,201407
0,3570,31164,종로구,창경궁,3,서울특별시,201407
0,4727,14736,종로구,종묘,4,서울특별시,201407
0,12613,376891,용산구,국립중앙박물관,5,서울특별시,201407
0,15163,59167,중구,덕수궁,6,서울특별시,201407
0,44,5622,노원구,태릉 ·  강릉 · 조선왕릉전시관,7,서울특별시,201407
0,5288,31729,서대문구,서대문형무소역사관,8,서울특별시,201407
0,0,35226,서대문구,서대문자연사박물관,9,서울특별시,201407
0,50616,19529,마포구,트릭아이미술관,10,서울특별시,201407
0,5,1510,서초구,헌릉ㆍ인릉,11,서울특별시,201407
0,1022,25191,강남구,선릉·정릉,12,서울특별시,201407
0,43372,91108,종로구,창덕궁,1,서울특별시,201408
0,230924,405225,종로구,경복궁,2,서울특별시,201408
0,2866,44450,종로구,창경궁,3,서울특별시,201408
0,6342,20377,종로구,종묘,4,서울특별시,201408
0,13027,551234,용산구,국립중앙박물관,5,서울특별시,201408
0,18960,78818,중구,덕수궁,6,서울특별시,201408
0,31,7084,노원구,태릉 ·  강릉 · 조선왕릉전시관,7,서울특별시,201408
0,8296,124474,서대문구,서대문형무소역사관,8,서울특별시,201408
0,0,63877,서대문구,서대문자연사박물관,9,서울특별시,201408
0,53680,30440,마포구,트릭아이미술관,10,서울특별시,201408
0,21,1889,서초구,헌릉ㆍ인릉,11,서울특별시,201408
0,1101,26917,강남구,선릉·정릉,12,서울특별시,201408
0,38829,119260,종로구,창덕궁,1,서울특별시,201409
0,159595,393644,종로구,경복궁,2,서울특별시,201409
0,2741,85604,종로구,창경궁,3,서울특별시,201409
0,6730,22008,종로구,종묘,4,서울특별시,201409
0,9492,192611,용산구,국립중앙박물관,5,서울특별시,201409
0,15074,97594,중구,덕수궁,6,서울특별시,201409
0,72,12382,노원구,태릉 ·  강릉 · 조선왕릉전시관,7,서울특별시,201409
0,6294,50505,서대문구,서대문형무소역사관,8,서울특별시,201409
0,0,22734,서대문구,서대문자연사박물관,9,서울특별시,201409
0,30376,7278,마포구,트릭아이미술관,10,서울특별시,201409
0,10,4583,서초구,헌릉ㆍ인릉,11,서울특별시,201409
0,1247,33118,강남구,선릉·정릉,12,서울특별시,201409
0,58996,182385,종로구,창덕궁,1,서울특별시,201410
0,207722,468796,종로구,경복궁,2,서울특별시,201410
0,3860,116874,종로구,창경궁,3,서울특별시,201410
0,6809,24230,종로구,종묘,4,서울특별시,201410
0,11623,241780,용산구,국립중앙박물관,5,서울특별시,201410
0,18733,148878,중구,덕수궁,6,서울특별시,201410
0,31,8134,노원구,태릉 ·  강릉 · 조선왕릉전시관,7,서울특별시,201410
0,5926,79529,서대문구,서대문형무소역사관,8,서울특별시,201410
0,0,26868,서대문구,서대문자연사박물관,9,서울특별시,201410
0,38218,8912,마포구,트릭아이미술관,10,서울특별시,201410
0,9,7077,서초구,헌릉ㆍ인릉,11,서울특별시,201410
0,1149,37914,강남구,선릉·정릉,12,서울특별시,201410
0,47051,136085,종로구,창덕궁,1,서울특별시,201411
0,164220,288936,종로구,경복궁,2,서울특별시,201411
0,3668,75897,종로구,창경궁,3,서울특별시,201411
0,6022,15959,종로구,종묘,4,서울특별시,201411
0,8967,197616,용산구,국립중앙박물관,5,서울특별시,201411
0,19173,123477,중구,덕수궁,6,서울특별시,201411
0,9,4055,노원구,태릉 ·  강릉 · 조선왕릉전시관,7,서울특별시,201411
0,5443,41879,서대문구,서대문형무소역사관,8,서울특별시,201411
0,0,33254,서대문구,서대문자연사박물관,9,서울특별시,201411
0,34628,6000,마포구,트릭아이미술관,10,서울특별시,201411
0,16,3662,서초구,헌릉ㆍ인릉,11,서울특별시,201411
0,918,26030,강남구,선릉·정릉,12,서울특별시,201411
0,29928,41561,종로구,창덕궁,1,서울특별시,201412
0,129946,190501,종로구,경복궁,2,서울특별시,201412
0,1693,19473,종로구,창경궁,3,서울특별시,201412
0,3891,5951,종로구,종묘,4,서울특별시,201412
0,7195,258781,용산구,국립중앙박물관,5,서울특별시,201412
0,14723,44272,중구,덕수궁,6,서울특별시,201412
0,12,486,노원구,태릉 ·  강릉 · 조선왕릉전시관,7,서울특별시,201412
0,6263,27205,서대문구,서대문형무소역사관,8,서울특별시,201412
0,0,24527,서대문구,서대문자연사박물관,9,서울특별시,201412
0,42443,7478,마포구,트릭아이미술관,10,서울특별시,201412
0,5,1036,서초구,헌릉ㆍ인릉,11,서울특별시,201412
0,823,8869,강남구,선릉·정릉,12,서울특별시,201412
0,23453,49390,종로구,창덕궁,1,서울특별시,201501
0,108087,196594,종로구,경복궁,2,서울특별시,201501
0,1326,24256,종로구,창경궁,3,서울특별시,201501
0,3112,9854,종로구,종묘,4,서울특별시,201501
0,6513,339073,용산구,국립중앙박물관,5,서울특별시,201501
0,8989,54159,중구,덕수궁,6,서울특별시,201501
0,11,1754,노원구,태릉 ·  강릉 · 조선왕릉전시관,7,서울특별시,201501
0,5355,23464,서대문구,서대문형무소역사관,8,서울특별시,201501
0,0,44478,서대문구,서대문자연사박물관,9,서울특별시,201501
0,30234,10756,마포구,트릭아이미술관,10,서울특별시,201501
0,2,1362,서초구,헌릉ㆍ인릉,11,서울특별시,201501
0,569,12155,강남구,선릉·정릉,12,서울특별시,201501
0,26439,58745,종로구,창덕궁,1,서울특별시,201502
0,154280,264154,종로구,경복궁,2,서울특별시,201502
0,1487,51984,종로구,창경궁,3,서울특별시,201502
0,4171,15102,종로구,종묘,4,서울특별시,201502
0,6783,214923,용산구,국립중앙박물관,5,서울특별시,201502
0,11984,62541,중구,덕수궁,6,서울특별시,201502
0,13,2821,노원구,태릉 ·  강릉 · 조선왕릉전시관,7,서울특별시,201502
0,3702,12093,서대문구,서대문형무소역사관,8,서울특별시,201502
0,0,24157,서대문구,서대문자연사박물관,9,서울특별시,201502
0,34684,8984,마포구,트릭아이미술관,10,서울특별시,201502
0,4,1706,서초구,헌릉ㆍ인릉,11,서울특별시,201502
0,579,13497,강남구,선릉·정릉,12,서울특별시,201502
0,34770,63273,종로구,창덕궁,1,서울특별시,201503
0,114092,272022,종로구,경복궁,2,서울특별시,201503
0,5526,111070,종로구,창경궁,3,서울특별시,201503
0,5525,10717,종로구,종묘,4,서울특별시,201503
0,9463,165430,용산구,국립중앙박물관,5,서울특별시,201503
0,15227,55316,중구,덕수궁,6,서울특별시,201503
0,23,5274,노원구,태릉 ·  강릉 · 조선왕릉전시관,7,서울특별시,201503
0,3850,34754,서대문구,서대문형무소역사관,8,서울특별시,201503
0,0,22159,서대문구,서대문자연사박물관,9,서울특별시,201503
0,32313,4434,마포구,트릭아이미술관,10,서울특별시,201503
0,15,3014,서초구,헌릉ㆍ인릉,11,서울특별시,201503
0,794,24718,강남구,선릉·정릉,12,서울특별시,201503
0,45325,140398,종로구,창덕궁,1,서울특별시,201504
0,209980,406906,종로구,경복궁,2,서울특별시,201504
0,5862,82310,종로구,창경궁,3,서울특별시,201504
0,5290,16470,종로구,종묘,4,서울특별시,201504
0,11073,205569,용산구,국립중앙박물관,5,서울특별시,201504
0,19304,100979,중구,덕수궁,6,서울특별시,201504
0,20,10420,노원구,태릉 ·  강릉 · 조선왕릉전시관,7,서울특별시,201504
0,4114,57735,서대문구,서대문형무소역사관,8,서울특별시,201504
0,0,24094,서대문구,서대문자연사박물관,9,서울특별시,201504
0,32168,3718,마포구,트릭아이미술관,10,서울특별시,201504
0,7,4782,서초구,헌릉ㆍ인릉,11,서울특별시,201504
0,900,41824,강남구,선릉·정릉,12,서울특별시,201504
0,41644,187128,종로구,창덕궁,1,서울특별시,201505
0,185212,485936,종로구,경복궁,2,서울특별시,201505
0,5453,107728,종로구,창경궁,3,서울특별시,201505
0,8860,52123,종로구,종묘,4,서울특별시,201505
0,10250,260240,용산구,국립중앙박물관,5,서울특별시,201505
0,20133,130874,중구,덕수궁,6,서울특별시,201505
0,73,23038,노원구,태릉 ·  강릉 · 조선왕릉전시관,7,서울특별시,201505
0,4392,75348,서대문구,서대문형무소역사관,8,서울특별시,201505
0,0,29008,서대문구,서대문자연사박물관,9,서울특별시,201505
0,26983,8071,마포구,트릭아이미술관,10,서울특별시,201505
0,28,7557,서초구,헌릉ㆍ인릉,11,서울특별시,201505
0,1073,43557,강남구,선릉·정릉,12,서울특별시,201505
0,20021,39425,종로구,창덕궁,1,서울특별시,201506
0,31822,155024,종로구,경복궁,2,서울특별시,201506
0,1890,19369,종로구,창경궁,3,서울특별시,201506
0,2832,6964,종로구,종묘,4,서울특별시,201506
0,6992,86464,용산구,국립중앙박물관,5,서울특별시,201506
0,7547,55601,중구,덕수궁,6,서울특별시,201506
0,16,6645,노원구,태릉 ·  강릉 · 조선왕릉전시관,7,서울특별시,201506
0,689,20393,서대문구,서대문형무소역사관,8,서울특별시,201506
0,0,6857,서대문구,서대문자연사박물관,9,서울특별시,201506
0,9009,3603,마포구,트릭아이미술관,10,서울특별시,201506
0,15,3344,서초구,헌릉ㆍ인릉,11,서울특별시,201506
0,559,25700,강남구,선릉·정릉,12,서울특별시,201506
0,24274,109725,종로구,창덕궁,1,서울특별시,201507
0,78117,140930,종로구,경복궁,2,서울특별시,201507
0,4676,64166,종로구,창경궁,3,서울특별시,201507
0,2927,15124,종로구,종묘,4,서울특별시,201507
0,9652,261826,용산구,국립중앙박물관,5,서울특별시,201507
0,8478,94828,중구,덕수궁,6,서울특별시,201507
0,0,5871,노원구,태릉 ·  강릉 · 조선왕릉전시관,7,서울특별시,201507
0,4500,17171,서대문구,서대문형무소역사관,8,서울특별시,201507
0,0,28674,서대문구,서대문자연사박물관,9,서울특별시,201507
0,4522,9384,마포구,트릭아이미술관,10,서울특별시,201507
0,43,2991,서초구,헌릉ㆍ인릉,11,서울특별시,201507
0,864,37864,강남구,선릉·정릉,12,서울특별시,201507
0,25283,102114,종로구,창덕궁,1,서울특별시,201508
0,126031,265302,종로구,경복궁,2,서울특별시,201508
0,3054,90527,종로구,창경궁,3,서울특별시,201508
0,3594,17971,종로구,종묘,4,서울특별시,201508
0,10560,449973,용산구,국립중앙박물관,5,서울특별시,201508
0,12221,112969,중구,덕수궁,6,서울특별시,201508
0,20,6180,노원구,태릉 ·  강릉 · 조선왕릉전시관,7,서울특별시,201508
0,8160,119769,서대문구,서대문형무소역사관,8,서울특별시,201508
0,0,48488,서대문구,서대문자연사박물관,9,서울특별시,201508
0,12957,19516,마포구,트릭아이미술관,10,서울특별시,201508
0,5,3439,서초구,헌릉ㆍ인릉,11,서울특별시,201508
0,754,24135,강남구,선릉·정릉,12,서울특별시,201508
0,36438,100310,종로구,창덕궁,1,서울특별시,201509
0,145280,387816,종로구,경복궁,2,서울특별시,201509
0,3503,54612,종로구,창경궁,3,서울특별시,201509
0,4506,16808,종로구,종묘,4,서울특별시,201509
0,13169,221311,용산구,국립중앙박물관,5,서울특별시,201509
0,18105,109837,중구,덕수궁,6,서울특별시,201509
0,15,11899,노원구,태릉 ·  강릉 · 조선왕릉전시관,7,서울특별시,201509
0,6249,34080,서대문구,서대문형무소역사관,8,서울특별시,201509
0,0,21641,서대문구,서대문자연사박물관,9,서울특별시,201509
0,16712,4346,마포구,트릭아이미술관,10,서울특별시,201509
0,22,4606,서초구,헌릉ㆍ인릉,11,서울특별시,201509
0,853,35500,강남구,선릉·정릉,12,서울특별시,201509
0,49946,189933,종로구,창덕궁,1,서울특별시,201510
0,203207,403641,종로구,경복궁,2,서울특별시,201510
0,3936,113075,종로구,창경궁,3,서울특별시,201510
0,5519,21238,종로구,종묘,4,서울특별시,201510
0,17862,242371,용산구,국립중앙박물관,5,서울특별시,201510
0,21610,144902,중구,덕수궁,6,서울특별시,201510
0,78,19231,노원구,태릉 ·  강릉 · 조선왕릉전시관,7,서울특별시,201510
0,6269,71906,서대문구,서대문형무소역사관,8,서울특별시,201510
0,0,27564,서대문구,서대문자연사박물관,9,서울특별시,201510
0,21961,7623,마포구,트릭아이미술관,10,서울특별시,201510
0,17,5111,서초구,헌릉ㆍ인릉,11,서울특별시,201510
0,1022,36678,강남구,선릉·정릉,12,서울특별시,201510
0,44845,126038,종로구,창덕궁,1,서울특별시,201511
0,188000,219760,종로구,경복궁,2,서울특별시,201511
0,3106,61218,종로구,창경궁,3,서울특별시,201511
0,4763,24921,종로구,종묘,4,서울특별시,201511
0,14001,222495,용산구,국립중앙박물관,5,서울특별시,201511
0,19798,117633,중구,덕수궁,6,서울특별시,201511
0,15,7229,노원구,태릉 ·  강릉 · 조선왕릉전시관,7,서울특별시,201511
0,5537,35371,서대문구,서대문형무소역사관,8,서울특별시,201511
0,0,27430,서대문구,서대문자연사박물관,9,서울특별시,201511
0,21274,5535,마포구,트릭아이미술관,10,서울특별시,201511
0,10,2927,서초구,헌릉ㆍ인릉,11,서울특별시,201511
0,714,23381,강남구,선릉·정릉,12,서울특별시,201511
0,33342,59738,종로구,창덕궁,1,서울특별시,201512
0,170379,148961,종로구,경복궁,2,서울특별시,201512
0,1783,27172,종로구,창경궁,3,서울특별시,201512
0,3406,14936,종로구,종묘,4,서울특별시,201512
0,13127,281457,용산구,국립중앙박물관,5,서울특별시,201512
0,15197,68749,중구,덕수궁,6,서울특별시,201512
0,16,2221,노원구,태릉 ·  강릉 · 조선왕릉전시관,7,서울특별시,201512
0,5588,44232,서대문구,서대문형무소역사관,8,서울특별시,201512
0,0,22587,서대문구,서대문자연사박물관,9,서울특별시,201512
0,29520,8822,마포구,트릭아이미술관,10,서울특별시,201512
0,3,1647,서초구,헌릉ㆍ인릉,11,서울특별시,201512
0,492,14454,강남구,선릉·정릉,12,서울특별시,201512
0,24620,49472,종로구,창덕궁,1,서울특별시,201601
0,193821,144022,종로구,경복궁,2,서울특별시,201601
0,1696,22043,종로구,창경궁,3,서울특별시,201601
0,2902,12436,종로구,종묘,4,서울특별시,201601
0,14074,363327,용산구,국립중앙박물관,5,서울특별시,201601
0,12205,54352,중구,덕수궁,6,서울특별시,201601
0,6,1544,노원구,태릉 ·  강릉 · 조선왕릉전시관,7,서울특별시,201601
0,4375,20021,서대문구,서대문형무소역사관,8,서울특별시,201601
0,0,34358,서대문구,서대문자연사박물관,9,서울특별시,201601
0,25604,11382,마포구,트릭아이미술관,10,서울특별시,201601
0,3,1296,서초구,헌릉ㆍ인릉,11,서울특별시,201601
0,365,11788,강남구,선릉·정릉,12,서울특별시,201601
0,27301,62740,종로구,창덕궁,1,서울특별시,201602
0,206161,161100,종로구,경복궁,2,서울특별시,201602
0,1626,31323,종로구,창경궁,3,서울특별시,201602
0,3829,13656,종로구,종묘,4,서울특별시,201602
0,16051,255070,용산구,국립중앙박물관,5,서울특별시,201602
0,15928,53244,중구,덕수궁,6,서울특별시,201602
0,32,1758,노원구,태릉 ·  강릉 · 조선왕릉전시관,7,서울특별시,201602
0,3988,16387,서대문구,서대문형무소역사관,8,서울특별시,201602
0,0,20210,서대문구,서대문자연사박물관,9,서울특별시,201602
0,28575,9864,마포구,트릭아이미술관,10,서울특별시,201602
0,6,1518,서초구,헌릉ㆍ인릉,11,서울특별시,201602
0,286,12962,강남구,선릉·정릉,12,서울특별시,201602
0,43066,77620,종로구,창덕궁,1,서울특별시,201603
0,222231,167966,종로구,경복궁,2,서울특별시,201603
0,3310,104094,종로구,창경궁,3,서울특별시,201603
0,5566,13348,종로구,종묘,4,서울특별시,201603
0,18708,162000,용산구,국립중앙박물관,5,서울특별시,201603
0,16132,69020,중구,덕수궁,6,서울특별시,201603
0,14,3748,노원구,태릉 ·  강릉 · 조선왕릉전시관,7,서울특별시,201603
0,3946,50374,서대문구,서대문형무소역사관,8,서울특별시,201603
0,0,19372,서대문구,서대문자연사박물관,9,서울특별시,201603
0,25458,4061,마포구,트릭아이미술관,10,서울특별시,201603
0,18,2894,서초구,헌릉ㆍ인릉,11,서울특별시,201603
0,469,26333,강남구,선릉·정릉,12,서울특별시,201603
0,52324,186302,종로구,창덕궁,1,서울특별시,201604
0,321801,340944,종로구,경복궁,2,서울특별시,201604
0,7017,97302,종로구,창경궁,3,서울특별시,201604
0,5823,23723,종로구,종묘,4,서울특별시,201604
0,17811,200794,용산구,국립중앙박물관,5,서울특별시,201604
0,28939,118061,중구,덕수궁,6,서울특별시,201604
0,26,11831,노원구,태릉 ·  강릉 · 조선왕릉전시관,7,서울특별시,201604
0,4280,50928,서대문구,서대문형무소역사관,8,서울특별시,201604
0,0,28567,서대문구,서대문자연사박물관,9,서울특별시,201604
0,28036,3816,마포구,트릭아이미술관,10,서울특별시,201604
0,1,4372,서초구,헌릉ㆍ인릉,11,서울특별시,201604
0,901,43688,강남구,선릉·정릉,12,서울특별시,201604
0,52772,181421,종로구,창덕궁,1,서울특별시,201605
0,303498,378455,종로구,경복궁,2,서울특별시,201605
0,5519,153328,종로구,창경궁,3,서울특별시,201605
0,10762,73644,종로구,종묘,4,서울특별시,201605
0,12648,293244,용산구,국립중앙박물관,5,서울특별시,201605
0,24465,161461,중구,덕수궁,6,서울특별시,201605
0,56,21485,노원구,태릉 ·  강릉 · 조선왕릉전시관,7,서울특별시,201605
0,4476,80932,서대문구,서대문형무소역사관,8,서울특별시,201605
0,0,25663,서대문구,서대문자연사박물관,9,서울특별시,201605
0,25577,7170,마포구,트릭아이미술관,10,서울특별시,201605
0,13,5335,서초구,헌릉ㆍ인릉,11,서울특별시,201605
0,662,41184,강남구,선릉·정릉,12,서울특별시,201605
0,44328,95232,종로구,창덕궁,1,서울특별시,201606
0,276101,263435,종로구,경복궁,2,서울특별시,201606
0,3364,45270,종로구,창경궁,3,서울특별시,201606
0,5564,15950,종로구,종묘,4,서울특별시,201606
0,15492,233800,용산구,국립중앙박물관,5,서울특별시,201606
0,26998,122701,중구,덕수궁,6,서울특별시,201606
0,35,9440,노원구,태릉 ·  강릉 · 조선왕릉전시관,7,서울특별시,201606
0,915,52204,서대문구,서대문형무소역사관,8,서울특별시,201606
0,0,26647,서대문구,서대문자연사박물관,9,서울특별시,201606
0,20431,6379,마포구,트릭아이미술관,10,서울특별시,201606
0,13,4525,서초구,헌릉ㆍ인릉,11,서울특별시,201606
0,452,34058,강남구,선릉·정릉,12,서울특별시,201606
0,41816,56511,종로구,창덕궁,1,서울특별시,201607
0,352717,220865,종로구,경복궁,2,서울특별시,201607
0,3931,54844,종로구,창경궁,3,서울특별시,201607
0,6164,12620,종로구,종묘,4,서울특별시,201607
0,20934,283826,용산구,국립중앙박물관,5,서울특별시,201607
0,27566,106114,중구,덕수궁,6,서울특별시,201607
0,49,3454,노원구,태릉 ·  강릉 · 조선왕릉전시관,7,서울특별시,201607
0,5030,31310,서대문구,서대문형무소역사관,8,서울특별시,201607
0,0,32745,서대문구,서대문자연사박물관,9,서울특별시,201607
0,28670,12218,마포구,트릭아이미술관,10,서울특별시,201607
0,3,2324,서초구,헌릉ㆍ인릉,11,서울특별시,201607
0,351,23724,강남구,선릉·정릉,12,서울특별시,201607
0,40729,59729,종로구,창덕궁,1,서울특별시,201608
0,283115,225335,종로구,경복궁,2,서울특별시,201608
0,3270,57004,종로구,창경궁,3,서울특별시,201608
0,6094,12237,종로구,종묘,4,서울특별시,201608
0,20138,426347,용산구,국립중앙박물관,5,서울특별시,201608
0,24396,105984,중구,덕수궁,6,서울특별시,201608
0,46,3051,노원구,태릉 ·  강릉 · 조선왕릉전시관,7,서울특별시,201608
0,8279,114395,서대문구,서대문형무소역사관,8,서울특별시,201608
0,0,47091,서대문구,서대문자연사박물관,9,서울특별시,201608
0,21480,22213,마포구,트릭아이미술관,10,서울특별시,201608
0,21,1493,서초구,헌릉ㆍ인릉,11,서울특별시,201608
0,232,18732,강남구,선릉·정릉,12,서울특별시,201608
0,43682,140097,종로구,창덕궁,1,서울특별시,201609
0,211357,360920,종로구,경복궁,2,서울특별시,201609
0,5496,78110,종로구,창경궁,3,서울특별시,201609
0,8185,23920,종로구,종묘,4,서울특별시,201609
0,12218,242191,용산구,국립중앙박물관,5,서울특별시,201609
0,25843,172717,중구,덕수궁,6,서울특별시,201609
0,27,10739,노원구,태릉 ·  강릉 · 조선왕릉전시관,7,서울특별시,201609
0,6369,33223,서대문구,서대문형무소역사관,8,서울특별시,201609
0,0,22388,서대문구,서대문자연사박물관,9,서울특별시,201609
0,13677,5504,마포구,트릭아이미술관,10,서울특별시,201609
0,17,3815,서초구,헌릉ㆍ인릉,11,서울특별시,201609
0,541,35199,강남구,선릉·정릉,12,서울특별시,201609
0,66671,182621,종로구,창덕궁,1,서울특별시,201610
0,236910,512873,종로구,경복궁,2,서울특별시,201610
0,5468,121351,종로구,창경궁,3,서울특별시,201610
0,8813,24122,종로구,종묘,4,서울특별시,201610
0,14386,262585,용산구,국립중앙박물관,5,서울특별시,201610
0,29549,150871,중구,덕수궁,6,서울특별시,201610
0,102,17881,노원구,태릉 ·  강릉 · 조선왕릉전시관,7,서울특별시,201610
0,6272,76689,서대문구,서대문형무소역사관,8,서울특별시,201610
0,0,26965,서대문구,서대문자연사박물관,9,서울특별시,201610
0,23237,7392,마포구,트릭아이미술관,10,서울특별시,201610
0,11,5253,서초구,헌릉ㆍ인릉,11,서울특별시,201610
0,554,39194,강남구,선릉·정릉,12,서울특별시,201610
0,55860,143481,종로구,창덕궁,1,서울특별시,201611
0,148113,194951,종로구,경복궁,2,서울특별시,201611
0,5605,60322,종로구,창경궁,3,서울특별시,201611
0,6887,16678,종로구,종묘,4,서울특별시,201611
0,11950,190929,용산구,국립중앙박물관,5,서울특별시,201611
0,25262,101022,중구,덕수궁,6,서울특별시,201611
0,40,7507,노원구,태릉 ·  강릉 · 조선왕릉전시관,7,서울특별시,201611
0,5559,47882,서대문구,서대문형무소역사관,8,서울특별시,201611
0,0,24905,서대문구,서대문자연사박물관,9,서울특별시,201611
0,16675,4179,마포구,트릭아이미술관,10,서울특별시,201611
0,49,2915,서초구,헌릉ㆍ인릉,11,서울특별시,201611
0,370,27041,강남구,선릉·정릉,12,서울특별시,201611
0,39559,52082,종로구,창덕궁,1,서울특별시,201612
0,142110,151317,종로구,경복궁,2,서울특별시,201612
0,3447,20397,종로구,창경궁,3,서울특별시,201612
0,4905,11575,종로구,종묘,4,서울특별시,201612
0,9439,298297,용산구,국립중앙박물관,5,서울특별시,201612
0,20499,52797,중구,덕수궁,6,서울특별시,201612
0,4,2406,노원구,태릉 ·  강릉 · 조선왕릉전시관,7,서울특별시,201612
0,5597,28405,서대문구,서대문형무소역사관,8,서울특별시,201612
0,0,20579,서대문구,서대문자연사박물관,9,서울특별시,201612
0,26168,6187,마포구,트릭아이미술관,10,서울특별시,201612
0,1,1785,서초구,헌릉ㆍ인릉,11,서울특별시,201612
0,125,14507,강남구,선릉·정릉,12,서울특별시,201612
