,store,sido,gungu,address,phone
0,가양동점,서울특별시,강서구,"서울특별시 강서구 양천로51길 11, 1층 102호(가양동,신환빌딩)",02-3663-3700
1,강남구청점,서울특별시,강남구,서울특별시 강남구 삼성로119길 41. 1층(삼성동),02-515-3576
2,강서구청점,서울특별시,강서구,"서울특별시 강서구 화곡로51길 7, 1층(화곡동,광성빌딩)",02-2603-8202
3,개봉1점,서울특별시,구로구,"서울특별시 구로구 개봉로11길 13, 1층 3호(개봉동)",02-2688-9292
4,개포2점,서울특별시,강남구,서울특별시 강남구 선릉로6길 12. 1층(개포동),02-575-2405
5,개포3점,서울특별시,강남구,서울특별시 강남구 개포로22길 23. 지상1층(개포동),02-575-8993
6,경복점,서울특별시,강남구,"서울특별시 강남구 봉은사로43길 8, 1층 102호(논현동)",02-3448-9999
7,고덕역점,서울특별시,강동구,서울특별시 강동구 고덕1동 643-2,02-428-0777
8,고척동점,서울특별시,구로구,서울특별시 구로구 고척2동 164-41,02-2685-0223
9,공덕동점,서울특별시,마포구,서울특별시 마포구 공덕동 111-187,02-707-1371
10,공덕역점,서울특별시,마포구,"서울특별시 마포구 마포대로11길 75 102 (공덕동, 공덕현대아파트상가)",02-704-0401
11,공릉철길공원점,서울특별시,노원구,서울특별시 노원구 동일로184길 69. 1층(공릉동),02-978-9222
12,광나루점,서울특별시,광진구,"서울특별시 광진구 아차산로78길 165, 1층 102호(광장동)",02-455-5111
13,광장동점,서울특별시,광진구,서울특별시 광진구 구의동 203-24,02-455-4566
14,교대역점,서울특별시,서초구,서울특별시 서초구 서초동 1640-1 1층,02-585-4066
15,구로2동점,서울특별시,구로구,서울특별시 구로구 구로2동 726-32,02-854-1929
16,구의동점,서울특별시,광진구,서울특별시 광진구 자양로 322 (구의동),02-455-6200
17,궁동점(서울),서울특별시,구로구,"서울특별시 구로구 부일로15길 4, 1층 103호(궁동)",02-2688-8429
18,금호로타리점,서울특별시,성동구,서울특별시 성동구 무수막길 89-2,02-2234-4870
19,금호역점,서울특별시,성동구,서울특별시 성동구 금호동3가 1394-3,02-2238-6777
20,길동2점,서울특별시,강동구,서울특별시 강동구 천중로49길 29(길동),02-484-1720
21,길동3점,서울특별시,강동구,"서울특별시 강동구 천호대로185길 89(길동, 1층)",02-470-3580
22,길음점,서울특별시,성북구,서울특별시 성북구 길음로 74 길음뉴타운5단지 2-105,02-914-7777
23,까치산점,서울특별시,강서구,서울특별시 강서구 화곡8동 342-7 1층 102,02-2696-2705
24,낙성대1점,서울특별시,관악구,서울특별시 관악구 봉천11동 1642-7,02-877-6451
25,난곡점,서울특별시,관악구,서울특별시 관악구 문성로16가길 43,02-859-7272
26,노량진2동점,서울특별시,동작구,서울특별시 동작구 노량진2동 306-5,02-823-1232
27,논현동점,서울특별시,강남구,"서울특별시 강남구 강남대로128길 27(논현동, 지상1층 102호)",02-515-5770
28,답십리점,서울특별시,동대문구,"서울특별시 동대문구 전농로3길 52-2, 1층(답십리동)",02-2247-4880
29,당산동점,서울특별시,영등포구,서울특별시 영등포구 영등포동8가 29-2,02-2671-5559
30,대림역점,서울특별시,구로구,서울특별시 구로구 구로중앙로8길 17,02-867-8292
31,대림점,서울특별시,영등포구,서울특별시 영등포구 대림로34길 14-1,02-842-4747
32,대방동점,서울특별시,동작구,서울특별시 동작구 대방동 23-128,02-826-2282
33,대조동점,서울특별시,은평구,서울특별시 은평구 역말로9길 40-1. 1층(대조동),02-355-6360
34,대치동점,서울특별시,강남구,서울특별시 강남구 남부순환로 2917 (1층 108호),02-562-4005
35,도봉점,서울특별시,도봉구,"서울특별시 도봉구 도봉로164길 10(도봉동, 1층)",02-955-8695
36,도화동점,서울특별시,마포구,서울특별시 마포구 도화동 268,02-702-2122
37,독립문점,서울특별시,종로구,서울특별시 종로구 통일로 222(교북동),02-722-9916
38,독산1점,서울특별시,금천구,"서울특별시 금천구 가산로 80-2, 지상1층(독산동)",02-853-0580
39,독산3점,서울특별시,금천구,서울특별시 금천구 독산로 319,02-867-1780
40,동소문동점,서울특별시,성북구,서울특별시 성북구 동선동5가 18,02-925-0016
41,등촌제일점,서울특별시,강서구,서울특별시 강서구 등촌1동 641-12,02-3661-7860
42,뚝섬점,서울특별시,광진구,서울특별시 광진구 능동로3가길 4(자양동),02-499-4330
43,마장동점,서울특별시,성동구,"서울특별시 성동구 청계천로10나길 80, 1층(마장동)",02-2294-1728
44,마천1점,서울특별시,송파구,서울특별시 송파구 마천로61길 9(마천동),02-409-0186
45,망우동점,서울특별시,중랑구,서울특별시 중랑구 망우3동 444-26,02-437-7733
46,망원동점,서울특별시,마포구,서울특별시 마포구 망원2동 475-42,02-337-8060
47,면목1점,서울특별시,중랑구,"서울특별시 중랑구 면목천로19길 16, 1층(면목동)",02-439-9830
48,명일점,서울특별시,강동구,서울특별시 강동구 동남로67길 44(명일동),02-441-4171
49,목동1점,서울특별시,양천구,서울특별시 양천구 목4동 772-12,02-2642-0177
50,목동3점,서울특별시,양천구,"서울특별시 양천구 목동동로 50 A-111(신정동, 목동아파트)",02-2645-3633
51,목동시장점,서울특별시,양천구,서울특별시 양천구 목동중앙남로10 7,02-2646-4803
52,묵동점,서울특별시,중랑구,"서울특별시 중랑구 중랑역로 150, 108호(묵동,우성상가)",02-973-4977
53,문정점,서울특별시,송파구,"서울특별시 송파구 송이로33길 6-17(문정동, 지상1층)",02-408-5797
54,미아점,서울특별시,강북구,서울특별시 강북구 도봉로29길 10 1층,02-985-1145
55,반포동점,서울특별시,서초구,서울특별시 서초구 반포1동 717-10 101,02-548-3334
56,발산동점,서울특별시,강서구,서울특별시 강서구 우장산로 9(내발산동),02-3664-0907
57,방배본점,서울특별시,서초구,서울특별시 서초구 동광로11길 25. 1층(방배동),02-592-9202
58,방이2점,서울특별시,송파구,서울특별시 송파구 방이동 159-16,02-423-8587
59,방화1점,서울특별시,강서구,"서울특별시 강서구 양천로11길 8 (방화동, 1층)",02-2663-2224
60,방화2점,서울특별시,강서구,"서울특별시 강서구 방화동로 116-1(방화동, 1층)",02-2666-9992
61,백련시장점,서울특별시,서대문구,서울특별시 서대문구 남가좌2동 347-1,02-376-3604
62,번동점,서울특별시,강북구,서울특별시 강북구 번3동 307 1층 5호,02-986-9200
63,보광2점,서울특별시,용산구,"서울특별시 용산구 장문로6길 101, 지상1층(동빙고동 1-9)",02-790-6161
64,보라매동점,서울특별시,관악구,서울특별시 관악구 보라매로 22 (봉천동),02-887-9282
65,봉천2동점,서울특별시,관악구,서울특별시 관악구 봉천동 7-125,02-889-1262
66,봉천현대점,서울특별시,관악구,"서울특별시 관악구 양녕로 35-1, 1층(봉천동)",02-877-4196
67,북가좌1점,서울특별시,서대문구,"서울특별시 서대문구 증가로20길 80, 1층(북가좌동)",02-372-1600
68,북가좌2점,서울특별시,서대문구,서울특별시 서대문구 북가좌2동 107-1 1층,02-375-7283
69,불광동점,서울특별시,은평구,서울특별시 은평구 불광로 192,02-353-3431
70,사당4점,서울특별시,동작구,서울특별시 동작구 사당동 1033-23,02-522-5773
71,삼성동점,서울특별시,강남구,"서울특별시 강남구 영동대로112길 61, 1층(삼성동)",02-515-4097
72,삼양동점,서울특별시,강북구,서울특별시 강북구 미아동 833-12,02-984-3325
73,상계역점,서울특별시,노원구,"서울특별시 노원구 상계로23다길 4, 102호(상계동)",02-938-9888
74,상도4동점,서울특별시,동작구,서울특별시 동작구 상도4동 210-8,02-813-2651
75,상도동점,서울특별시,동작구,서울특별시 동작구 상도동 22-107 102,02-815-6394
76,상봉동점,서울특별시,중랑구,서울특별시 중랑구 봉우재로 161(상봉동),02-434-1563
77,상일동점,서울특별시,강동구,"서울특별시 강동구 상일로 29-1, 1층(상일동)",02-428-1306
78,서울온천점,서울특별시,노원구,"서울특별시 노원구 노원로16길 15, 상가동 1층 104호 (하계동,중계9단지상가)",02-976-7030
79,서울지사,서울특별시,금천구,서울특별시 금천구 시흥동 985-14,02-2200-2540
80,서초동점,서울특별시,서초구,서울특별시 서초구 서초동 1360-34 지층,02-523-8889
81,석관동점,서울특별시,성북구,"서울특별시 성북구 돌곶이로22길 50, 1층(석관동)",02-968-1645
82,선수촌점,서울특별시,송파구,서울특별시 송파구 잠실7동 85-1 아시아선수촌상가내,02-418-2320
83,성내동점,서울특별시,강동구,서울특별시 강동구 성내1동 560-5,02-478-0092
84,성산동점,서울특별시,마포구,서울특별시 마포구 중동 64-25,02-307-9044
85,세검정점,서울특별시,종로구,서울특별시 종로구 평창동 285-2,02-391-0113
86,세곡점,서울특별시,강남구,서울특별시 강남구 세곡동 124-2 1층 16,02-2226-9255
87,수서점,서울특별시,강남구,"서울특별시 강남구 광평로51길 49, 수서주공아파트상가112",02-451-9292
88,수유점,서울특별시,강북구,"서울특별시 강북구 노해로11길 42, 1층(수유동)",02-908-8165
89,시흥공구점,서울특별시,금천구,서울특별시 금천구 시흥동 941-1,02-807-4248
90,시흥사거리점,서울특별시,금천구,서울특별시 금천구 시흥1동 995-10 1층,02-808-9291
91,신공덕점,서울특별시,마포구,"서울특별시 마포구 만리재옛길 20(신공덕동, 1층)",02-703-4456
92,신구로점,서울특별시,구로구,"서울특별시 구로구 구로중앙로28다 21, 1층101호(구로동)",02-861-4747
93,신길2점,서울특별시,영등포구,서울특별시 영등포구 신길동 451-1,02-849-0222
94,신내동점,서울특별시,중랑구,"서울특별시 중랑구 봉화산로 236(신내동, 102호)",02-432-5355
95,신대방역점,서울특별시,관악구,서울특별시 관악구 신림동 542-17,02-859-8575
96,신도림점,서울특별시,구로구,서울특별시 구로구 신도림로11다길 23(신도림동),02-2068-4547
97,신림2점,서울특별시,관악구,서울특별시 관악구 신림동 251-461,02-876-4811
98,신사동점,서울특별시,은평구,서울특별시 은평구 갈현로3길 33-8.1층,02-385-5355
99,신설동점,서울특별시,종로구,서울특별시 종로구 숭인2동 699,02-924-3936
100,신수동점,서울특별시,마포구,"서울특별시 마포구 토정로 240, 1-1(신수동, 상가)",02-713-1888
101,신월4점,서울특별시,양천구,서울특별시 양천구 신월4동 447-4,02-2601-4433
102,신월7점,서울특별시,양천구,서울특별시 양천구 신월7동 952-1 대지상가 105,02-2604-7978
103,신정1점,서울특별시,양천구,"서울특별시 양천구 중앙로32길 55, 1층 101호 (신정동)",02-2648-7295
104,신정2점,서울특별시,양천구,"서울특별시 양천구 신목로2길 11, 1층 103호 (신정동,청구아파트상가)",02-2654-9200
105,신풍시장점,서울특별시,영등포구,서울특별시 영등포구 신길3동 325-96,02-848-6433
106,쌍문동점,서울특별시,도봉구,서울특별시 도봉구 쌍문동 56 삼익A 상가 107,02-903-6660
107,암사2점,서울특별시,강동구,"서울특별시 강동구 구천면로 337, 1층 (암사동)",02-429-6692
108,암사역점,서울특별시,강동구,서울특별시 강동구 암사1동 501-25,02-442-9200
109,약수역점,서울특별시,중구,서울특별시 중구 신당동 321-1 1층,02-2238-4554
110,양재점,서울특별시,서초구,서울특별시 서초구 양재동 8-71 광성빌딜 1층,02-574-8631
111,여의도점,서울특별시,영등포구,"서울특별시 영등포구 여의나루로 117, 109(여의도동)",02-784-2228
112,연남동점,서울특별시,마포구,서울특별시 마포구 연남로 41(연남동),02-323-3823
113,영동아파트점,서울특별시,강남구,"서울특별시 강남구 역삼로64길 11, 1층(대치동)",02-562-1296
114,영등포점,서울특별시,영등포구,서울특별시 영등포구 당산동3가 27,02-2672-1454
115,영천시장점,서울특별시,서대문구,서울특별시 서대문구 천연동 1 냉천동 190,02-312-1719
116,오류1점,서울특별시,구로구,서울특별시 구로구 고척로1길 5 (오류동),02-2613-8781
117,옥수동점,서울특별시,성동구,"서울특별시 성동구 독서당로39길 48, 1층 (옥수동)",02-2297-9998
118,왕십리점,서울특별시,성동구,서울특별시 성동구 하왕십리2동 955-11,02-2293-8310
119,우면동점,서울특별시,서초구,"서울특별시 서초구 바우뫼로7길 11, 1층 106호(우면동,우면아파트상가)",02-579-4046
120,월계동점,서울특별시,노원구,서울특별시 노원구 광운로2나길 11,02-911-3141
121,월계삼호점,서울특별시,노원구,서울특별시 노원구 월계3동 12-1 삼호4차 상가,02-975-3535
122,월곡2점,서울특별시,성북구,서울특별시 성북구 하월곡2동 37-18,02-913-5912
123,은평구청점,서울특별시,은평구,서울특별시 은평구 은평로 200(응암동),02-353-6181
124,은행나무점,서울특별시,금천구,서울특별시 금천구 탑골로 17,02-803-9721
125,응암1점,서울특별시,은평구,서울특별시 은평구 응암동 124-17,02-353-6479
126,이대점,서울특별시,마포구,"서울특별시 마포구 숭문16길 10, 1층(염리동)",02-711-5626
127,이화동점,서울특별시,종로구,서울특별시 종로구 대학로 52(연건동),02-745-0233
128,자양1점,서울특별시,광진구,"서울특별시 광진구 자양로13다길 47(자양동, 1층)",02-446-4477
129,자양3점,서울특별시,광진구,서울특별시 광진구 뚝섬로 693,02-456-9276
130,잠실새마을점,서울특별시,송파구,"서울특별시 송파구 백제고분로7길 39, 1층 106호(잠실동,고려빌딩)",02-417-3599
131,장미점,서울특별시,송파구,서울특별시 송파구 신천동 7 장미 B-202,02-415-6161
132,장위동점,서울특별시,성북구,서울특별시 성북구 장월로 90,02-941-9300
133,정릉4동점,서울특별시,성북구,서울특별시 성북구 정릉동 372-47,02-943-1960
134,정릉점,서울특별시,성북구,서울특별시 성북구 돈암동 43-6,02-911-6329
135,종로낙원점,서울특별시,종로구,서울특별시 종로구 낙원동 49,02-765-0508
136,중곡1점,서울특별시,광진구,"서울특별시 광진구 용마산로7길 20(중곡동, 1층)",02-455-3688
137,중곡2점,서울특별시,광진구,서울특별시 광진구 중곡동 199-27,02-468-9658
138,증산동점,서울특별시,은평구,서울특별시 은평구 증산동 159-14,02-304-9346
139,진달래점,서울특별시,강남구,서울특별시 강남구 역삼동 779-9,02-567-9779
140,창동역점,서울특별시,도봉구,서울특별시 도봉구 창동 135-14 1층 103,02-900-9297
141,창신동점,서울특별시,종로구,"서울특별시 종로구 지봉로5길 12, 1층(창신동)",02-741-9292
142,천왕점,서울특별시,구로구,서울특별시 구로구 천왕로 56 천왕이펜하우스3단지 상가 1층 102호,02-2685-9592
143,천호점,서울특별시,강동구,"서울특별시 강동구 천중로18길 53, 1층 (천호동)",02-476-6188
144,청량리점,서울특별시,동대문구,"서울특별시 동대문구 왕산로 247, 1층(청량리동)",02-969-9595
145,청룡동점,서울특별시,관악구,서울특별시 관악구 청룡길 20,02-876-9294
146,총신대점,서울특별시,동작구,서울특별시 동작구 사당5동 213-7,02-588-3581
147,풍납점,서울특별시,송파구,서울특별시 송파구 풍성로 24(풍납동),02-474-7649
148,합정동점,서울특별시,마포구,서울특별시 마포구 포은로 52(합정동),02-323-8065
149,해방촌점,서울특별시,용산구,서울특별시 용산구 용산동2가 1-46,02-774-3110
150,행당동점,서울특별시,성동구,"서울특별시 성동구 행당로 119 (행당동,1층)",02-2294-6676
151,홍은1점,서울특별시,서대문구,서울특별시 서대문구 홍은2동 9-56 1층,02-391-9992
152,홍은동점,서울특별시,서대문구,서울특별시 서대문구 홍은동 427-4,02-394-9454
153,홍익대점,서울특별시,마포구,"서울특별시 마포구 독막로22길 21, 1층101호(창전동)",02-334-4161
154,화곡1점,서울특별시,강서구,"서울특별시 강서구 월정로28길 24(화곡동, 1층)",02-2691-9393
155,화양동점,서울특별시,광진구,"서울특별시 광진구 능동로13길 70(화양동, 1층)",02-468-8163
156,훼미리점,서울특별시,송파구,"서울특별시 송파구 중대로 24(문정동, 훼미리상가125호)",02-448-9200
157,흑석동점,서울특별시,동작구,서울특별시 동작구 흑석동 96-3,02-814-5832
158,개금점,부산광역시,부산진구,부산광역시 부산진구 개금3동 18,051-897-6061
159,광안점,부산광역시,수영구,부산광역시 수영구 무학로33번길 55,051-753-8989
160,괘법점,부산광역시,사상구,부산광역시 사상구 광장로37번길 71,051-908-3998
161,구포점,부산광역시,북구,부산광역시 북구 구포동 391-9,051-337-5552
162,기장점,부산광역시,기장군,부산광역시 기장군 기장읍 대라리 129-1,051-722-9292
163,당감점,부산광역시,부산진구,부산광역시 부산진구 당감동 739-10,051-898-3392
164,동삼점,부산광역시,영도구,부산광역시 영도구 태종로 688-2(동삼동),051-405-3377
165,두구동점,부산광역시,금정구,부산광역시 금정구 두구동 230-3,051-508-0032
166,명지점,부산광역시,강서구,부산광역시 강서구 명지오션시티10 16 ,051-271-8253
167,모라점,부산광역시,사상구,부산광역시 사상구 모라로46번길 70(모라동),051-327-3903
168,반송2점,부산광역시,해운대구,부산광역시 해운대구 반송동 62-340,051-543-5531
169,반여점,부산광역시,해운대구,부산광역시 해운대구 선수촌로 207번가길 67,051-527-9988
170,부산송정점,부산광역시,해운대구,부산광역시 해운대구 송정중앙로 15-1,051-703-7109
171,부산신평점,부산광역시,사하구,부산광역시 사하구 다대로142번길 130(신평동),051-207-6551
172,사직점,부산광역시,동래구,부산광역시 동래구 사직동 19-45,051-502-7181
173,서3점,부산광역시,금정구,부산광역시 금정구 서동 203-6,051-526-4193
174,신선점,부산광역시,영도구,부산광역시 영도구 하나길 614,051-417-9987
175,용호점,부산광역시,남구,"부산광역시 남구 용호로42번길 104(용호동,1층)",051-623-5543
176,장림점,부산광역시,사하구,부산광역시 사하구 장림동 641-180,051-263-8302
177,초량점,부산광역시,동구,부산광역시 동구 초량중로 49  101호 ,051-465-9292
178,토곡점,부산광역시,연제구,부산광역시 연제구 연산동 410-2,051-753-9992
179,학장점,부산광역시,사상구,부산광역시 사상구 학감대로 129,051-316-9700
180,해운대점,부산광역시,해운대구,부산광역시 해운대구 우동 541-5 해운대비치오피스텔 101,051-744-3803
181,해운대좌동주공2,부산광역시,해운대구,부산광역시 해운대구 좌동순환로 118 주공2단지 분산상가 나-105,051-701-8181
182,화명점,부산광역시,북구,부산광역시 북구 화명동 1417-6,051-342-8833
183,감삼점,대구광역시,달서구,대구광역시 달서구 두류3동 630-1,053-562-9929
184,강남점,대구광역시,동구,대구광역시 동구 신암로16길 2,053-941-2510
185,강북점,대구광역시,북구,대구광역시 북구 읍내동 803-1,053-322-5090
186,관음점,대구광역시,북구,대구광역시 북구 관음동 1319-11,053-321-7855
187,대구고성점,대구광역시,서구,대구광역시 서구 원대로13길 16,053-354-9901
188,대구남산점,대구광역시,중구,대구광역시 중구 남산로2길 13(남산동),053-255-5417
189,대구대명점,대구광역시,남구,대구광역시 남구 두류공원로17길 48 (지하1층),053-656-9515
190,대구상동점,대구광역시,수성구,대구광역시 수성구 중동 502-3,053-761-3430
191,대구서문점,대구광역시,서구,대구광역시 서구 비산동 280-8,053-257-7235
192,대구송정점,대구광역시,동구,대구광역시 동구 반야월로 379(신서동),053-964-5592
193,대구신당점,대구광역시,달서구,대구광역시 달서구 신당동 1808-5,053-584-3800
194,대구지산점,대구광역시,수성구,대구광역시 수성구 지산동 1234 지산단지114-4,053-783-7890
195,대명계대점,대구광역시,남구,대구광역시 남구 대명동 1899-2,053-219-9992
196,대봉점,대구광역시,중구,대구광역시 중구 대봉동 121-241,053-426-5822
197,동인점,대구광역시,중구,대구광역시 중구 동인동3가 238-2,053-426-5711
198,동촌점,대구광역시,동구,대구광역시 동구 검사동 960-170,053-985-6603
199,만촌점,대구광역시,수성구,대구광역시 수성구 만촌동 963-4,053-751-0870
200,명곡점,대구광역시,달성군,대구광역시 달성군 화원읍 설화리 779-1,053-638-9935
201,범어B점,대구광역시,수성구,대구광역시 수성구 동대구로77길 24,053-754-7209
202,본리점,대구광역시,달서구,대구광역시 달서구 본리동 81-3번지,053-527-5527
203,봉덕2점,대구광역시,남구,대구광역시 남구 봉덕동 924-3,053-476-4819
204,불로점,대구광역시,동구,대구광역시 동구 불로동 1139-7,053-985-7366
205,비산점,대구광역시,서구,대구광역시 서구 평리동 791-24,053-559-5997
206,비산B점,대구광역시,서구,대구광역시 서구 비산1동 723-1,053-553-5928
207,산격점,대구광역시,북구,대구광역시 북구 산격동 1232-3,053-942-9994
208,상인점,대구광역시,달서구,대구광역시 달서구 상인동 1474,053-633-9977
209,서남점,대구광역시,달서구,대구광역시 달서구 감삼동 63-7,053-556-7383
210,서변점,대구광역시,북구,대구광역시 북구 서변동 1738-14,053-939-9399
211,성당점,대구광역시,달서구,"대구광역시 달서구 장기로 97(성당동, 보람빌딩지하1층)",053-629-5088
212,성서점,대구광역시,달서구,"대구광역시 달서구 이곡동 1194-2, 상가108호",053-584-0067
213,송현점,대구광역시,달서구,대구광역시 달서구 송현동 798-23,053-652-8906
214,수성점,대구광역시,수성구,대구광역시 수성구 수성동1가 82-2,053-755-2585
215,신매점,대구광역시,수성구,대구광역시 수성구 신매동 599-15,053-792-5690
216,신천점,대구광역시,동구,대구광역시 동구 신천동 279-17,053-754-2703
217,와룡점,대구광역시,달서구,"대구광역시 달서구 이곡동로 32, 403-106(이곡동,성서와룡타운)",053-587-1745
218,율하점,대구광역시,동구,대구광역시 동구 율하동로12길 12(율하동),053-963-9292
219,중리점,대구광역시,서구,대구광역시 서구 국채보상로38길 57-1,053-562-9595
220,진천대곡점,대구광역시,달서구,대구광역시 달서구 상화로21길 49(진천동),053-635-7709
221,칠곡2점,대구광역시,북구,대구광역시 북구 구암동 674-4,053-323-5515
222,칠성점,대구광역시,북구,"대구광역시 북구 칠성로15길  8, 1층",053-428-2977
223,침산점,대구광역시,북구,대구광역시 북구 침산동 1466-1,053-353-0396
224,태전점,대구광역시,북구,대구광역시 북구 태전동 162-30,053-312-1977
225,테크노점(대구),대구광역시,달성군,대구광역시 달성군 유가면 테크노상업로 98,053-616-9980
226,파동점,대구광역시,수성구,대구광역시 수성구 파동 199-22 1층,053-768-0770
227,평리점,대구광역시,서구,대구광역시 서구 평리동 618-1,053-562-5997
228,화원점,대구광역시,달성군,"대구광역시 달성군 화원읍 화원로2길, 27",053-634-2022
229,황제점,대구광역시,서구,대구광역시 서구 내당동 69-26,053-558-5777
230,남원점,제주특별자치도,서귀포시,제주특별자치도 서귀포시 남원읍 남원리 100-1,064-764-8292
231,도련점,제주특별자치도,제주시,"제주특별자치도 제주시 삼봉로 115, 미듬하나로맨션상가 103",064-751-9282
232,모슬포점,제주특별자치도,서귀포시,제주특별자치도 서귀포시 대정읍 상모대서로 25,064-792-2206
233,서귀동문점,제주특별자치도,서귀포시,제주특별자치도 서귀포시 서문로29번길 18,064-733-5592
234,성산점,제주특별자치도,서귀포시,제주특별자치도 서귀포시 성산읍 178-3,064-782-4740
235,신시가지점,제주특별자치도,서귀포시,제주특별자치도 서귀포시 김정문화로 66(법환동),064-739-6949
236,신제주점,제주특별자치도,제주시,제주특별자치도 제주시 신대로 124(연동),064-744-6141
237,아라점,제주특별자치도,제주시,제주특별자치도 제주시 인다12길 1 아라주공아파트 상가 106호,064-702-9978
238,애월점,제주특별자치도,제주시,제주특별자치도 제주시 애월읍 애월리 1717-6,064-799-4482
239,연동점,제주특별자치도,제주시,제주특별자치도 제주시 연동 251-23,064-747-4700
240,위미점,제주특별자치도,서귀포시,제주특별자치도 서귀포시 남원읍 위미리 1759-2,064-764-1181
241,이도점,제주특별자치도,제주시,"제주특별자치도 제주시 도남로15길 4-12, 101(도남동)",064-759-9985
242,일도점,제주특별자치도,제주시,제주특별자치도 제주시 천수로 25-1,064-726-5592
243,제주동문점,제주특별자치도,제주시,제주특별자치도 제주시 일도1동 1084-13,064-757-3522
244,조천점,제주특별자치도,제주시,제주특별자치도 제주시 조천읍  조천리 2589,064-783-5799
245,중문점,제주특별자치도,서귀포시,제주특별자치도 서귀포시 천제연로185번 3-1,064-738-8483
246,표선점,제주특별자치도,서귀포시,제주특별자치도 서귀포시 표선면 표선리 839-7,064-787-0075
247,한림점,제주특별자치도,제주시,제주특별자치도 제주시 한림읍 한림중앙로 3-1,064-796-7603
248,함덕점,제주특별자치도,제주시,제주특별자치도 제주시 초천읍 평사길 4-3,064-783-9193
249,효돈점,제주특별자치도,서귀포시,제주특별자치도 서귀포시 하효동 142-1,064-767-2314
250,각화주공점,광주광역시,북구,광주광역시 북구 각화동 202번지 주공@상가 107호,062-264-8529
251,광산점,광주광역시,광산구,광주광역시 광산구 송정동 792-14,062-941-0550
252,금호동점,광주광역시,서구,광주광역시 서구 금호동 815 호반리젠시빌 상가,062-682-3392
253,상무세정점,광주광역시,서구,광주광역시 서구 치평동 상무화원로31번길18,062-376-3355
254,소촌점,광주광역시,광산구,광주광역시 광산구 소촌동 610 서라@상가105,062-945-4792
255,수완점,광주광역시,광산구,광주광역시 광산구 신가번영로 89-2,062-952-7792
256,신창부영점,광주광역시,광산구,광주광역시 광산구 신창동 1270번지 부영@2차 상가 2-106,062-959-9229
257,쌍촌시영점,광주광역시,서구,광주광역시 서구 쌍촌로 37,062-375-2365
258,운남삼성점,광주광역시,광산구,광주광역시 광산구 운남동 387-22번지 삼성@ 상가 127호,062-953-2624
259,으뜸점,광주광역시,서구,광주광역시 서구 치평동 1168번지 해광한신@ 상가 113호,062-371-8292
260,전대점,광주광역시,북구,"광주광역시 북구 서양로41번길 8, 1층(중흥동)",062-251-9222
261,지원점,광주광역시,동구,광주광역시 동구 소태동 653-4,062-228-9292
262,화정점,광주광역시,서구,광주광역시 서구 화정동 766-1,062-375-8100
263,남목점,울산광역시,동구,울산광역시 동구 동해안로 40-2(동부동),052-234-3310
264,남창점,울산광역시,울주군,울산광역시 울주군 온양읍 대안리 411-4,052-238-1030
265,달동1점,울산광역시,남구,울산광역시 남구 달동 1329-9,052-273-9292
266,달동2점,울산광역시,남구,"울산광역시 남구 번영로107번길 3, 203(달동, 주공아파트)",052-269-9959
267,달천점,울산광역시,북구,울산광역시 북구 달천로 103-19(달천아이파크 2차상가 100동 B109호),052-297-9963
268,대송점,울산광역시,동구,울산광역시 동구 화정동 164-11,052-236-3333
269,무거1점,울산광역시,남구,울산광역시 남구 신복로23번길 15(무거동),052-225-9200
270,반구점,울산광역시,중구,울산광역시 중구 반구동 101-8,052-293-9999
271,방어진점,울산광역시,동구,울산광역시 동구 방어동 문현지구 70B10N,052-201-4730
272,범서점,울산광역시,울주군,울산광역시 울주군 범서읍 점촌5길 37,052-245-2580
273,병영점,울산광역시,중구,울산광역시 중구 병영로 80,052-292-5255
274,봉계점,울산광역시,울주군,울산광역시 울주군 두동면 계명1길 39(1층),052-263-9869
275,성남점(울산),울산광역시,중구,울산광역시 중구 성남동 57-2 2F,052-211-3929
276,양정염포점,울산광역시,북구,울산광역시 북구 염포로 591-1(양정동),052-288-8019
277,언양점,울산광역시,울주군,울산광역시 울주군 언양읍 읍성로 40,052-263-1305
278,울산신정1점,울산광역시,남구,울산광역시 남구 봉월로164번길 4,052-275-1288
279,전하점,울산광역시,동구,울산광역시 동구 전하동 618-8,052-252-7702
280,진하점,울산광역시,울주군,울산광역시 울주군 서생면 깨목길 28,052-238-8182
281,호계매곡점,울산광역시,북구,울산광역시 북구 호계동 255-9,052-298-2007
282,화봉.연암점,울산광역시,북구,울산광역시 북구 송내1길 18(화봉동),052-289-9941
283,가정지구1점,인천광역시,서구,인천광역시 서구 봉오재2로 37 104호,032-567-5885
284,가좌3점,인천광역시,서구,인천광역시 서구 가석로156번길 23-1,032-575-8999
285,갈산점,인천광역시,부평구,인천광역시 부평구 갈산동 364-4,032-522-9292
286,강화1점,인천광역시,강화군,인천광역시 강화군 강화읍 강화대로403번길 5,032-933-3153
287,강화2점,인천광역시,강화군,인천광역시 강화군 강화읍 남산리 39-1,032-934-9200
288,검암경서점,인천광역시,서구,인천광역시 서구 검암동 643-2 우주프라자 104,032-565-7768
289,계산1점,인천광역시,계양구,인천광역시 계양구 계산2동 933-25,032-543-4195
290,계양1동점,인천광역시,계양구,인천광역시 계양구 황어로115번길 10,032-512-9876
291,구월1동점,인천광역시,남동구,인천광역시 남동구 구월동 1217-2 103호,032-471-2484
292,대우점,인천광역시,부평구,인천광역시 부평구 산곡동 26-44 1층,032-523-7425
293,도림주공점,인천광역시,남동구,인천광역시 남동구 논고개로 299,032-434-8292
294,동암남점,인천광역시,부평구,인천광역시 부평구 경인로701번길 43 1층,032-421-8180
295,만수1점,인천광역시,남동구,인천광역시 남동구 만수서로 97-17(만수동 1층),032-462-2664
296,만수3점,인천광역시,남동구,인천광역시 남동구 만수동 861 1층,032-461-1260
297,만수삼환점,인천광역시,남동구,인천광역시 남동구 소래로669번길 30 106호,032-465-0892
298,만수주공점,인천광역시,남동구,인천광역시 남동구 장승남로34번길 22 상가 111호,032-466-3331
299,문학점,인천광역시,남구,"인천광역시 남구 승학길 4(문학동, 101호)",032-422-6892
300,부개주공점,인천광역시,부평구,"인천광역시 부평구 부개로 79, (부개동,부개택지개발1블럭)",032-361-0097
301,부평남부점,인천광역시,부평구,인천광역시 부평구 부평6동 654-1,032-517-6863
302,부평점,인천광역시,부평구,"인천광역시 부평구 부평문화로115 17, 1층(부평동)",032-516-8292
303,불노지구점,인천광역시,서구,인천광역시 서구 검단로 842,032-562-5452
304,삼산점,인천광역시,부평구,인천광역시 부평구 삼산동 201-3,032-511-0882
305,삼환대우점,인천광역시,연수구,인천광역시 연수구 원인재로 124,032-815-9933
306,센트럴파크점,인천광역시,연수구,인천광역시 연수구 컨벤시아대로 50,032-833-1919
307,소래점,인천광역시,남동구,인천광역시 남동구 논현동 577 풍림상가 111호,032-441-0151
308,송도럭키점,인천광역시,연수구,인천광역시 연수구 옥련동 626 럭키아파트 일반상가 103호,032-832-6685
309,송도신도시점,인천광역시,연수구,"인천광역시 연수구 해돋이로6번길 33, 한진해모로상가 105호",032-858-9233
310,송도점,인천광역시,연수구,인천광역시 연수구 비류대로 216 1층4호,032-832-9595
311,송림점,인천광역시,동구,인천광역시 동구 샛골로161번길 25,032-763-8059
312,송월점,인천광역시,중구,인천광역시 중구 송월동1가 11-128,032-761-4191
313,수림점,인천광역시,남동구,인천광역시 남동구 주안로237번길 1,032-432-7374
314,신공항점,인천광역시,중구,인천광역시 중구 영종대로27번길 41,032-746-0311
315,신현점,인천광역시,서구,인천광역시 서구 원창로239번길 4(가정동),032-573-9999
316,심곡점,인천광역시,서구,인천광역시 서구 심곡로 170 상가동 1층 103호,032-561-2537
317,십정점,인천광역시,부평구,인천광역시 부평구 배곶남로 18,032-424-5775
318,에코점,인천광역시,남동구,인천광역시 남동구 논현동 739-1,032-437-3006
319,연수3점,인천광역시,연수구,인천광역시 연수구 연수동 540 문남상가 107호,032-813-0391
320,연수5점,인천광역시,연수구,"인천광역시 연수구 먼우금로 126, 107호(동춘동, 대림현대)",032-812-2710
321,연수6점,인천광역시,연수구,"인천광역시 연수구 샘말로 106-7(연수동, 1층 일부)",032-816-6675
322,연수주공점,인천광역시,연수구,인천광역시 연수구 연수동 533 연수상가 103호,032-811-5544
323,온수리점,인천광역시,강화군,인천광역시 강화군 길상면 온수리 547-1,032-937-6270
324,용현1호점,인천광역시,미추홀구,인천광역시 미추홀구 인주대로174번  36,032-866-9848
325,용현2호점,인천광역시,남구,인천광역시 남구 낙섬중로 11(용현동),032-887-9292
326,율도점,인천광역시,서구,인천광역시 서구 신현동 173-35,032-581-3355
327,인천남부점,인천광역시,남동구,"인천광역시 남동구 성리로35번길 20-1(구월동, 1층)",032-469-3221
328,인천남촌점,인천광역시,남동구,인천광역시 남동구 남촌동로 52-1,032-469-3113
329,일신점,인천광역시,부평구,인천광역시 부평구 일신동 111-4,032-501-4242
330,작전1점,인천광역시,계양구,"인천광역시 계양구 주부토로 468(작전동, 상가동1층6호)",032-554-8892
331,작전3점,인천광역시,계양구,인천광역시 계양구 효성동 197-19,032-547-5731
332,작전현대점,인천광역시,계양구,인천광역시 계양구 작전동 580-1 현대아파트상가 1층,032-546-2672
333,제물포점,인천광역시,남구,인천광역시 남구 장천로112번길 10 1층,032-876-1153
334,주안2동점,인천광역시,남구,인천광역시 남구 주안2동 551-26,032-872-4605
335,주안점,인천광역시,남구,인천광역시 남구 염창로 84-3,032-864-4335
336,주원점,인천광역시,남구,인천광역시 남구 주안동 1593-34,032-439-2743
337,청라2점,인천광역시,서구,인천광역시 서구 청라루비로 144번길 6-6,032-567-8292
338,청천2점,인천광역시,부평구,인천광역시 부평구 청천2동 11-35,032-517-4564
339,태평상가점,인천광역시,계양구,"인천광역시 계양구 계산4동 1085-2, 3 태평@상가 114",032-552-0921
340,학익점,인천광역시,미추홀구,인천광역시 미추홀구 한나루로 425  1층,032-868-0900
341,한신점,인천광역시,서구,인천광역시 서구 서곶로 12 한신종합상가 208호,032-574-9300
342,효성1점,인천광역시,계양구,인천광역시 계양구 효성2동 273-91 층,032-547-8599
343,효성2점,인천광역시,계양구,인천광역시 계양구 효성1동 31-4,032-548-9292
344,효성점,인천광역시,남동구,인천광역시 남동구 백범로247번길 93-26,032-466-9333
345,부강점,세종특별자치시,부강면,세종특별자치시   부강면 부강2길 11,044-275-0514
346,서면점(충남),세종특별자치시,연서면,세종특별자치시   연서면 당산로 286 대원네스트빌@상가101,044-863-8292
347,세종청사점,세종특별자치시,갈매로,"세종특별자치시   갈매로 479, 101(어진동, 상가동지하1층)",044-864-9249
348,조치원2점,세종특별자치시,조치원읍,세종특별자치시   조치원읍 조치원로 52,044-866-3030
349,조치원3점,세종특별자치시,조치원읍,세종특별자치시   조치원읍 충현로 159 욱일@상가B07호,044-862-2020
350,한솔새롬점,세종특별자치시,새롬북로,세종특별자치시   새롬북로 13 상가3동 지하1층 130호(새롬동),044-868-9239
351,가남점,경기도,여주시,경기도 여주시 가남면 태평중앙1길 8-6,031-883-5746
352,가래비점,경기도,양주시,경기도 양주시 광적면 가납리 가래비길 24,031-855-6126
353,가운점,경기도,남양주시,경기도 남양주시 가운로2길 63 가운동삼원프라자 105호,031-557-9222
354,가평역전점,경기도,가평군,경기도 가평군 가평읍 굴다리길 13,031-582-5242
355,가평점,경기도,가평군,경기도 가평군 가평읍 가화로 125-1,031-582-4419
356,갈곶원동점,경기도,오산시,경기도 오산시 오산로 68(갈곶동),031-372-3573
357,갈산점(이천),경기도,이천시,"경기도 이천시 갈산로 81(갈산동, 102)",031-638-8320
358,강남대점,경기도,용인시기흥구,경기도 용인시기흥구 강남동로 114번길 22,031-284-9292
359,강상점,경기도,양평군,"경기도 양평군 강상면 강남로 922, 107호",031-775-8259
360,강선점,경기도,고양시일산서구,경기도 고양시일산서구 강선로 67번지 유원상가 103호,031-912-5558
361,개군점,경기도,양평군,경기도 양평군 개군면 하자포길 35,031-772-4612
362,거모점,경기도,시흥시,경기도 시흥시 도일로 100-3  ,031-492-8222
363,건영점,경기도,고양시일산서구,경기도 고양시일산서구 성저로 110번지,031-915-9292
364,경기송산점,경기도,화성시,경기도 화성시 수노을1로191 상가3동 105호,031-356-7877
365,경안점,경기도,광주시,경기도 광주시 중앙로 179 (송정동),031-762-0415
366,고강1점,경기도,부천시오정구,경기도 부천시오정구 원종동 238-10,032-673-2342
367,고강2점,경기도,부천시오정구,경기도 부천시오정구 고강본동 399,032-671-1980
368,고담리점,경기도,이천시,경기도 이천시 대월면 대산로288번길 72,031-637-6683
369,고매리점,경기도,용인시기흥구,경기도 용인시기흥구 고매동 722-2,031-286-4296
370,고잔2점,경기도,안산시단원구,경기도 안산시단원구 고잔동 733-1 104,031-414-9070
371,고잔점,경기도,안산시단원구,경기도 안산시단원구 고잔동 612 문화연립상가동 110,031-401-1452
372,고천점,경기도,의왕시,"경기도 의왕시 효행로 44(오전동, 의왕빌딩3호)",031-454-0055
373,곡반정점,경기도,수원시권선구,"경기도 수원시권선구 곡선로50번길 48/107(곡반정동,현대@상가)",031-234-9266
374,곤지암점,경기도,광주시,"경기도 광주시 곤지암읍 곤지암로50번길, 25",031-762-3660
375,공도점,경기도,안성시,경기도 안성시 공도읍 고무다리길 10-1,031-653-9441
376,관산점,경기도,고양시덕양구,경기도 고양시덕양구 통일로802번길 71,031-963-2740
377,관양1점,경기도,안양시동안구,경기도 안양시동안구 관양동 1397-1 1층 101,031-388-5259
378,광교점,경기도,수원시영통구,"경기도 수원시영통구 대학1로 8번길 59, 1층103호(이의동)",031-214-1688
379,광릉내점,경기도,남양주시,경기도 남양주시 진접읍 광릉내로 83,031-527-9300
380,광명1점,경기도,광명시,경기도 광명시 오리로 937,02-2688-7025
381,광명2점,경기도,광명시,경기도 광명시 광명동 348-20,02-2681-4280
382,광명3점,경기도,광명시,"경기도 광명시 광명로928번길 14, 1층(광명동)",02-2689-2488
383,광명역점,경기도,광명시,"경기도 광명시 신기로17번길 6, 1층102호(일직동,케이스퀘어)",02-898-1618
384,광주점,경기도,광주시,경기도 광주시 문화로 6(역동),031-763-6311
385,광탄점,경기도,파주시,경기도 파주시 광탄면 혜음로 1127-1,031-947-3171
386,괴안1점,경기도,부천시소사구,"경기도 부천시소사구 부광로8번길 39,104(괴안동)",032-343-4885
387,교하점,경기도,파주시,경기도 파주시 숲속노을로 300,031-942-9272
388,구리남점,경기도,구리시,경기도 구리시 안골로20번길 28,031-569-9292
389,구리중앙점,경기도,구리시,경기도 구리시 체육관로171번 11-6,031-567-0506
390,구반월점,경기도,안산시상록구,경기도 안산시상록구 건건동 632-4 1층,031-502-1140
391,구성마북점,경기도,용인시기흥구,경기도 용인시기흥구 연원로 5(마북동),031-286-3854
392,군남점,경기도,연천군,경기도 연천군 군남면 군남로 115,031-833-3355
393,군자11점,경기도,안산시단원구,경기도 안산시단원구 선부동 1078-4 가동상가 110,031-402-3842
394,군포당동점,경기도,군포시,"경기도 군포시 군포로510번길 25(당동, 당동누리에뜰해밀제1층118호)",031-454-8174
395,권선점,경기도,수원시권선구,경기도 수원시권선구 세권로 181번길 13(권선동),031-233-8735
396,궐동대우점,경기도,오산시,경기도 오산시 청학로 173번길 18(수청동),031-375-1486
397,금곡점,경기도,남양주시,경기도 남양주시 금곡로 49,031-592-7921
398,금오점,경기도,의정부시,경기도 의정부시 금신로 398,031-847-3528
399,금촌주공점,경기도,파주시,경기도 파주시 가나무로 103,031-943-9955
400,기아점,경기도,광명시,경기도 광명시 소하동 1236-7,02-898-1951
401,꿈.연화점,경기도,부천시원미구,경기도 부천시원미구 옥산로 86,032-657-1008
402,남양주도곡점,경기도,남양주시,경기도 남양주시 와부읍 덕소로 194-14,031-577-9229
403,남촌점,경기도,오산시,경기도 오산시 성호대로 24-1(오산동),031-375-7337
404,내동점,경기도,부천시오정구,경기도 부천시오정구 삼작로96번길 21(내동),032-675-9601
405,녹양점,경기도,의정부시,"경기도 의정부시 비우로20번길 29(가능동,지상1층)",031-879-9982
406,능곡점,경기도,고양시덕양구,경기도 고양시덕양구 토당로78번길 7-10(토당동),031-974-7747
407,단월동점,경기도,이천시,경기도 이천시 단월로 29(단월동),031-634-4547
408,당수동점,경기도,수원시권선구,경기도 수원시권선구 당진로 14번길 57 상가 105(당수동),031-419-8450
409,대광리점,경기도,연천군,경기도 연천군 신서면 도대로 3번길 33호,031-834-8009
410,대림동산점,경기도,안성시,경기도 안성시 공도읍 양기리567-1,031-658-9192
411,대신점,경기도,여주시,경기도 여주시 대신면 여양로 1456-4,031-884-3669
412,대화장성점,경기도,고양시일산서구,경기도 고양시일산서구 호수로 838번지 22,031-916-1233
413,덕절리점,경기도,화성시,경기도 화성시 정남면 발안로 1177,031-373-2660
414,덕정점,경기도,양주시,경기도 양주시 덕정길 23,031-858-2281
415,덕천점,경기도,안양시만안구,경기도 안양시만안구 덕천로128번길 18(안양동),031-444-0406
416,덕풍동점,경기도,하남시,"경기도 하남시 신장동 430-7 성원쌍떼빌 104호, 105호",031-793-9922
417,도당점,경기도,부천시원미구,경기도 부천시원미구 도당동 284-15 1층,032-677-7500
418,도평점,경기도,광주시,경기도 광주시 초월읍 현산로 89-6,031-768-9266
419,동두천역전점,경기도,동두천시,경기도 동두천시 어수로 92,031-862-2973
420,동두천터미널점,경기도,동두천시,경기도 동두천시 중앙로265번길 15(생연동),031-862-7853
421,동문점,경기도,용인시수지구,경기도 용인시수지구 수풍로 53(풍덕천동),031-261-5191
422,동신점,경기도,수원시장안구,경기도 수원시장안구 파장로21번길 24,031-244-0776
423,동아점,경기도,고양시일산동구,경기도 고양시일산동구 강송로 196 동아아파트상가 1-3,031-902-0203
424,동천동점,경기도,용인시수지구,경기도 용인시수지구 고기로45번길 58 동문그린아파트 상가101호,031-262-9759
425,동탄1점,경기도,화성시,"경기도 화성시 동탄지성로 150-9(능동,상가101호)",031-613-0092
426,동탄2점,경기도,화성시,경기도 화성시 동탄면 중리 동탄청계로 303-14,031-372-4030
427,동탄반송점,경기도,화성시,"경기도 화성시 노작로3길 22,1층 일부호(반송동)",031-8003-2333
428,동탄영천점,경기도,화성시,경기도 화성시 동탄대로24가길 27 상가103호,031-377-0200
429,둔전점,경기도,용인시처인구,경기도 용인시처인구 금어로 2(유방동),031-336-9258
430,레이크타운점,경기도,안산시단원구,경기도 안산시단원구 광덕동로25 상가동101호,031-406-1111
431,마도점,경기도,화성시,경기도 화성시 마도면 석교로 171,031-355-0019
432,마석점,경기도,남양주시,"경기도 남양주시 화도읍 비룡로 185-20, 210(삼진상가2층)",031-595-8686
433,마송점,경기도,김포시,경기도 김포시 통진읍 조강로 49,031-988-4443
434,마평리점,경기도,용인시처인구,경기도 용인시처인구 금령로 129(마평동),031-335-8542
435,매산점,경기도,수원시팔달구,경기도 수원시팔달구 갓매산로26번길 24,031-238-0344
436,매송점,경기도,화성시,경기도 화성시 매송면 화성로 2358번길 37,031-294-7696
437,매탄점,경기도,수원시영통구,경기도 수원시영통구 동수원로514번길 15 103호,031-214-9292
438,매화동점,경기도,시흥시,경기도 시흥시 매화1로 21,031-313-2914
439,모가점,경기도,이천시,경기도 이천시 모가면 진상미로 1257(성광주택),031-633-3663
440,모현점,경기도,용인시처인구,경기도 용인시처인구 모현면 외대로 36,031-339-6860
441,목감점,경기도,시흥시,경기도 시흥시 동서로 1095,031-405-3677
442,무원삼보점,경기도,고양시덕양구,경기도 고양시덕양구 화신로 31 무원마을 삼보상가 102,031-970-9200
443,무지개점,경기도,성남시분당구,"경기도 성남시분당구 구미동 211, 무지개마을 106",031-715-0689
444,문산점,경기도,파주시,경기도 파주시 문산읍 문항로 82,031-952-2781
445,문촌점,경기도,고양시일산서구,경기도 고양시일산서구 대산로 183,031-913-9292
446,미금점,경기도,성남시분당구,경기도 성남시분당구 미금일로 55 상가동108호,031-714-7463
447,민락점,경기도,의정부시,경기도 의정부시 오목로 99,031-851-4749
448,박달동점,경기도,안양시만안구,경기도 안양시만안구 박달동 134-5,031-447-3131
449,반달마을점,경기도,부천시원미구,"경기도 부천시원미구 상동 397, 반달상가1층",032-323-9292
450,발안1점,경기도,화성시,경기도 화성시 향남읍 삼천병마로 275 ,031-353-9297
451,백석점,경기도,양주시,경기도 양주시 백석읍 양주산성로 564-1,031-829-8283
452,백학점,경기도,연천군,경기도 연천군 백학면 두백로 35,031-835-8669
453,별내점,경기도,남양주시,경기도 남양주시 별내중앙로26 111호,031-574-2777
454,병점점,경기도,화성시,경기도 화성시 병점로 58(병점동),031-236-9245
455,보개점,경기도,안성시,경기도 안성시 보개면 남사당로 1-3,031-674-5882
456,보라점,경기도,용인시기흥구,경기도 용인시기흥구 사은로 116,031-287-2884
457,복창점,경기도,평택시,경기도 평택시 신서로 32-1,031-611-9291
458,본오2점,경기도,안산시상록구,경기도 안산시상록구 각골로 123,031-416-4066
459,본오3점,경기도,안산시상록구,경기도 안산시상록구 본오동 669-7,031-407-9998
460,봉담와우리점,경기도,화성시,경기도 화성시 봉담읍 와우로15번길 55-9 효성@상가1층,031-222-0147
461,봉담점,경기도,화성시,경기도 화성시 봉담읍 진등1길 57-1,031-298-9966
462,봉암리점,경기도,양주시,경기도 양주시 은현면 은현로 521,031-864-7255
463,부곡점(안산),경기도,안산시상록구,경기도 안산시상록구 부곡동 685-11 안산제2종합시장 1003호,031-416-7532
464,부곡점(의왕),경기도,의왕시,경기도 의왕시 솔밭길 31,031-461-9292
465,부발점,경기도,이천시,경기도 이천시 부발읍 무촌로 137,031-634-6204
466,북문점,경기도,수원시장안구,경기도 수원시장안구 팔달로259번길 9,031-255-7217
467,북변점,경기도,김포시,경기도 김포시 북변동 688 대우아파트상가 111호,031-982-4560
468,분당동점,경기도,성남시분당구,경기도 성남시분당구 분당동 39 샛별마을 삼부아파트상가 -101 1호,031-701-0162
469,비산1동점,경기도,안양시동안구,"경기도 안양시동안구 비산로 21, 1층 102호(비산동)",031-388-5414
470,비산삼호점,경기도,안양시동안구,경기도 안양시동안구 비산동 377-4,031-388-9672
471,사동2점,경기도,안산시상록구,"경기도 안산시상록구 감골로 43(사동, 102호)",031-416-2992
472,사동리점,경기도,이천시,경기도 이천시 대월면 사동로 162,031-637-7770
473,사동점,경기도,안산시상록구,경기도 안산시상록구 사동 1285-3,031-408-0411
474,사우지구점,경기도,김포시,경기도 김포시 북변동 832 영풍아파트상가 104,031-998-7557
475,산본13점,경기도,군포시,"경기도 군포시 산본동 1059 우성상가A동 8,9호",031-392-4444
476,산본3점,경기도,군포시,"경기도 군포시 광정로 25-16. 103호(금정동,퇴계종합상가)",031-397-1980
477,산본6점,경기도,군포시,"경기도 군포시 산본천로 34-5(산본동, 세종종합상가동101호)",031-396-9292
478,산본9점,경기도,군포시,경기도 군포시 산본동 수리산로203번안길 34 ,031-393-0861
479,산본리점,경기도,군포시,경기도 군포시 금산로 62(산본동),031-393-3070
480,산북점,경기도,여주시,경기도 여주시 산북면 상품로 99,031-884-9266
481,삼동점,경기도,광주시,경기도 광주시 순암로 509(삼동),031-797-3044
482,삼송점,경기도,고양시덕양구,경기도 고양시덕양구 신도길 9,02-381-1552
483,상대원1점,경기도,성남시중원구,경기도 성남시중원구 박석로62번길 1(상대원동),031-733-3141
484,상동라일락점,경기도,부천시원미구,"경기도 부천시원미구 도약로 35, 105(상동)",032-322-9994
485,상동현대점,경기도,부천시원미구,"경기도 부천시원미구 상동 555-8, 102호",032-325-9533
486,상리점,경기도,여주시,경기도 여주시 여주읍 청심로 232,031-885-2512
487,새마을점,경기도,안양시만안구,경기도 안양시만안구 안양동 759-51,031-443-3787
488,샘터점,경기도,고양시덕양구,경기도 고양시덕양구 화신로 73 D상가 103호,031-978-2231
489,서근리점,경기도,화성시,경기도 화성시 팔탄면 버들로 1362번길 6,031-352-9533
490,서둔탑동평동점,경기도,수원시권선구,경기도 수원시권선구 서둔로 197-1 1층 101호(탑동),031-292-9992
491,서문점,경기도,수원시장안구,경기도 수원시장안구 장안로7번길 38(영화동),031-243-8933
492,서정점,경기도,평택시,경기도 평택시 서정동 288-15,031-664-5018
493,서천점(용인),경기도,용인시기흥구,"경기도 용인시기흥구 예현로35번길  서천동,1층",031-273-2333
494,서현점,경기도,성남시분당구,경기도 성남시분당구 서현동 311 효자촌주상복합 604-110,031-701-8398
495,석포점,경기도,화성시,경기도 화성시 장안면 버들로 1199,031-358-2614
496,선부3점,경기도,안산시단원구,경기도 안산시단원구 선삼로 1 (선부동 1층),031-414-1936
497,선유점,경기도,파주시,경기도 파주시 문산읍 독서울1길 39 휴먼시아상가 106,031-953-9248
498,설봉점,경기도,이천시,경기도 이천시 향교로 106(창전동),031-632-6030
499,설성점,경기도,이천시,경기도 이천시 설성면 설장로 13(금성빌딩),031-642-0303
500,설악면점,경기도,가평군,경기도 가평군 설악면 신천 중앙로 131,031-584-5592
501,성남점,경기도,성남시중원구,경기도 성남시중원구 성남동 4149,031-754-2367
502,성대1점,경기도,수원시장안구,경기도 수원시장안구 율전로 85번길 15(율전동),031-291-9284
503,성대2점,경기도,수원시장안구,"경기도 수원시장안구 서부로 2197번길 36-1, 1층",031-207-9292
504,성석점,경기도,고양시일산동구,경기도 고양시일산동구 고봉로 616(성석동),031-975-9279
505,세류점,경기도,수원시권선구,경기도 수원시권선구 정조로 558(세류동),031-233-9621
506,소사3점,경기도,부천시소사구,"경기도 부천시소사구 소사로160번길 26-2, 1층일부(소사본동)",032-345-1413
507,송내1점,경기도,부천시소사구,"경기도 부천시소사구 경인로134번길 72, 202호(송내동,단지내상가2층)",032-665-4976
508,송내점,경기도,동두천시,경기도 동두천시 거북마루24    103호,031-864-9292
509,수리산역점,경기도,군포시,"경기도 군포시 번영로 403, 211(산본동, 가야주공)",031-392-5354
510,수지점,경기도,용인시수지구,경기도 용인시수지구 풍덕천로148번 1층 102호,031-261-4567
511,시화3점,경기도,시흥시,경기도 시흥시 정왕대로53번길 29,031-432-1113
512,시화5점,경기도,시흥시,경기도 시흥시 역전로 427 세종상가 104,031-431-8585
513,시화6점,경기도,시흥시,경기도 시흥시 정왕동 1847 청솔아파트 상가 104호,031-497-2883
514,시화7점,경기도,시흥시,"경기도 시흥시 정왕신길로49번 37,109(서해APT상가)",031-431-7979
515,시화8점,경기도,시흥시,경기도 시흥시 정왕대로266번 4 금강아파트 상가 108호,031-433-2992
516,시화지구점,경기도,시흥시,경기도 시흥시 봉우재로 7번길 20,031-499-1212
517,신갈점,경기도,용인시기흥구,경기도 용인시기흥구 신구로53번길  10-1(신갈동),031-286-1877
518,신곡점,경기도,의정부시,경기도 의정부시 시민로 240,031-846-9807
519,신둔점,경기도,이천시,경기도 이천시 신둔면 경충대로 3172,031-632-7228
520,신영통점,경기도,수원시영통구,경기도 수원시영통구 영통로90번길 4-9(망포동485-3),031-206-2266
521,신원당점,경기도,고양시덕양구,경기도 고양시덕양구 고양대로1384 7-24 동문상가 1층 ,031-969-0909
522,신장동점,경기도,하남시,경기도 하남시 신장동 443-21,031-794-3330
523,신천은행점,경기도,시흥시,경기도 시흥시 신천동 781-22,031-311-7748
524,신현리점,경기도,광주시,경기도 광주시 오포읍 새말길 94,031-719-7116
525,신흥2점,경기도,성남시수정구,"경기도 성남시수정구 수정로220번길 5, 1층 일부호(신흥동)",031-747-5535
526,심곡5점,경기도,부천시원미구,경기도 부천시원미구 부흥로373번길 44,032-652-2452
527,심곡본1점,경기도,부천시소사구,"경기도 부천시소사구 성주로 159(심곡본동,1층)",032-657-8881
528,아동점,경기도,파주시,"경기도 파주시 경의로 1821, 1층101호",031-944-2286
529,안녕송산점,경기도,화성시,경기도 화성시 용주로 25 1층 일부호(안녕동),031-238-7789
530,안산3점,경기도,안산시단원구,경기도 안산시단원구 예술대학로 107 상가104호,031-482-2232
531,안산상록수점,경기도,안산시상록구,경기도 안산시상록구 본삼로 17 1층 103호,031-407-2202
532,안산이동점,경기도,안산시상록구,"경기도 안산시상록구 도매시장로 34-1, 102호",031-418-7911
533,안산일동점,경기도,안산시상록구,경기도 안산시상록구 호동로 81(일동),031-406-1451
534,안산효자점,경기도,안산시단원구,경기도 안산시단원구 선부광장서로1길 15 효자상가103호,031-401-1417
535,안성2점,경기도,안성시,경기도 안성시 신건지동 1-2,031-675-7680
536,안양5동점,경기도,안양시만안구,경기도 안양시만안구 안양동 388-12,031-442-9292
537,안중점,경기도,평택시,경기도 평택시 안중읍 안현로서7길 16,031-682-9915
538,야탑점,경기도,성남시분당구,"경기도 성남시분당구 야탑로139번길 18-3 (야탑동,1층)",031-705-4999
539,약대점,경기도,부천시오정구,경기도 부천시오정구 삼정동 318-5 1층,032-671-5823
540,양곡1점,경기도,김포시,경기도 김포시 양촌읍 양곡2로60번길 53 101호,031-996-0729
541,양동점,경기도,양평군,경기도 양평군 양동면 양동시장길 6-5,031-771-9945
542,양문점,경기도,포천시,경기도 포천시 영중면 양문로 98-1,031-534-3849
543,양벌점,경기도,광주시,경기도 광주시 오포읍 양벌로 190,031-766-1204
544,양성점,경기도,안성시,경기도 안성시 양성면 읍내길 26,031-674-1562
545,양수리점,경기도,양평군,경기도 양평군 양서면 양수로150번길 9-2,031-772-6419
546,양평동부점,경기도,양평군,경기도 양평군 양평읍 시민로 30,031-771-6116
547,양평옥천점,경기도,양평군,"경기도 양평군 옥천면 북부길9번길, 5",031-774-0340
548,양평용문점,경기도,양평군,경기도 양평군 용문면 용문로 359,031-772-4787
549,양평점,경기도,양평군,경기도 양평군 양평읍 중앙로167번길 62,031-771-2213
550,여월점,경기도,부천시오정구,경기도 부천시오정구 여월동 52-4 1층,032-678-9292
551,여주점,경기도,여주시,경기도 여주시 여흥로 97,031-885-3600
552,역곡1점,경기도,부천시원미구,경기도 부천시원미구 역곡로 61 (역곡동),032-345-4908
553,역북점,경기도,용인시처인구,경기도 용인시처인구 중부대로1299  12 ,031-338-6641
554,연성점,경기도,시흥시,"경기도 시흥시 인선길 100, 107호(장곡동, 연성프라자)",031-317-6977
555,연지점,경기도,안성시,경기도 안성시 연지동 16-1,031-674-9992
556,연천점,경기도,연천군,경기도 연천군 연천읍 연천로 262,031-834-3010
557,연풍점,경기도,파주시,경기도 파주시 파주읍 술이홀로 449,031-953-9289
558,영통1.경희점,경기도,수원시영통구,"경기도 수원시영통구 매영로 415번 56-2, 1층",031-202-5589
559,영통2점,경기도,수원시영통구,경기도 수원시영통구 영통동 955-1 황골마을1단지 상가-106,031-203-5589
560,오남리점,경기도,남양주시,경기도 남양주시 오남읍 진건오남로 626,031-575-9292
561,오목천점,경기도,수원시권선구,경기도 수원시권선구 삼천병마로     1592번길 3(오목천동),031-293-9003
562,오산1점,경기도,오산시,경기도 오산시 오산로 190번길 24,031-375-2300
563,오산2점,경기도,오산시,경기도 오산시 오산로 226번길 18(원동),031-374-5158
564,오성점,경기도,평택시,경기도 평택시 오성면 숙성리 137-7,031-681-4076
565,오정점,경기도,부천시오정구,"경기도 부천시오정구 오정로 244번 45, (오정동,1층)",032-679-1684
566,오포점,경기도,광주시,경기도 광주시 오포읍 오포로 865,031-767-7179
567,오학점,경기도,여주시,"경기도 여주시 현암2길   28-11, 1층8호",031-885-8383
568,옥정점,경기도,양주시,"경기도 양주시 옥정동로5다길 12, 1층(옥정동)",031-842-5592
569,용인구성점,경기도,용인시기흥구,경기도 용인시기흥구 구성로 176(언남동),031-284-0848
570,용현점,경기도,의정부시,"경기도 의정부시 충의로57번길 7-3(용현동, 1층)",031-851-6464
571,우만.지동점,경기도,수원시팔달구,경기도 수원시팔달구 창룡대로 150번길 55(우만동),031-252-5731
572,운정1점,경기도,파주시,"경기도 파주시 미래로 603, 상가동 203호(목동동)",031-948-9200
573,운정2점,경기도,파주시,"경기도 파주시 동패로 115, 상가동 122호",031-942-9245
574,운천점,경기도,포천시,경기도 포천시 영북면 운천로 10,031-533-7833
575,운천한화점,경기도,포천시,경기도 포천시 영북면 산정리 454-4,031-540-9714
576,원곡동점,경기도,안산시단원구,"경기도 안산시단원구 원선로 55, 104호(원곡동)",031-411-5291
577,원미1점,경기도,부천시원미구,"경기도 부천시원미구 원미로 89-1, 1층(원미동)",032-652-7391
578,원종3점,경기도,부천시오정구,경기도 부천시오정구 원종동 206-3,032-678-7275
579,원천점,경기도,수원시영통구,경기도 수원시영통구 매탄2동 동탄원천로1109번길 42 원천성일아파트상가동 103호,031-213-9292
580,월피주공점,경기도,안산시상록구,경기도 안산시상록구 월피동 446-2 주공상가 107호,031-414-4333
581,위례신도시점,경기도,성남시수정구,"경기도 성남시수정구 위례서일로3길 31, 101호(창곡동)",031-754-5070
582,율암온천점,경기도,화성시,경기도 화성시 팔탄면 온천로 454,031-353-8553
583,은빛점,경기도,고양시덕양구,경기도 고양시덕양구 화중로130번길 5-19,031-968-8295
584,은행점,경기도,성남시중원구,경기도 성남시중원구 산성대로582번 14. 1층(은행동),031-744-4460
585,은행택지점,경기도,시흥시,경기도 시흥시 은행로 107,031-312-2444
586,이동점,경기도,포천시,경기도 포천시 이동면 화동로 2105,031-532-8908
587,이매점,경기도,성남시분당구,경기도 성남시분당구 이매로 54 이매촌분산상가 101호,031-704-9595
588,이천중앙점,경기도,이천시,경기도 이천시 서희로 37(중리동),031-634-0654
589,이천현대점,경기도,이천시,경기도 이천시 부발읍 경충대로2110번길 14,031-636-8595
590,이포점,경기도,여주시,경기도 여주시 금사면 이포로 60,031-884-9279
591,인계점,경기도,수원시팔달구,"경기도 수원시팔달구 권광로 317번길 12, 상가동 지하1층6,7호",031-231-1592
592,인덕원점,경기도,안양시동안구,"경기도 안양시동안구 흥안대로517번 49, 1층(관양동)",031-423-9999
593,인창점,경기도,구리시,경기도 구리시 건원대로99번길 49,031-551-2291
594,일동점,경기도,포천시,경기도 포천시 일동면 회동로 1073,031-534-3700
595,임광점,경기도,수원시영통구,경기도 수원시영통구 권선로 792 (매탄동),031-234-3396
596,장기월드점,경기도,김포시,"경기도 김포시 전원로 32, 116호(장기동, 월드상가)",031-998-9595
597,장암주공점,경기도,의정부시,경기도 의정부시 회룡로 223 (장암주공5단지아파트),031-873-8181
598,장현점,경기도,남양주시,경기도 남양주시 진접읍 봉현로36번길 12,031-571-7800
599,장호원점,경기도,이천시,경기도 이천시 장호원읍 샘재로147번길 26,031-641-4170
600,적성점,경기도,파주시,경기도 파주시 적성면 청송로 1020,031-959-3600
601,전곡터미널점,경기도,연천군,경기도 연천군 전곡읍 온골로 56,031-832-3170
602,전대리점,경기도,용인시처인구,경기도 용인시처인구 포곡읍 전대로78번길 3-1,031-333-2272
603,정남점,경기도,화성시,경기도 화성시 정남면 괘량리 1048-3,031-352-1780
604,정자점,경기도,성남시분당구,"경기도 성남시분당구 황새울로116번 28, 1층(정자동)",031-713-9599
605,정자점(수원),경기도,수원시장안구,경기도 수원시장안구 장안로 183,031-268-1576
606,제부도점,경기도,화성시,경기도 화성시 서신면 해안길 246-1,031-357-2938
607,조암점,경기도,화성시,경기도 화성시 우정읍 조암서로22번길 21,031-358-6843
608,조원점,경기도,수원시장안구,경기도 수원시장안구 송정로187번길 49,031-248-0088
609,조원주공점,경기도,수원시장안구,경기도 수원시장안구 금당로39번길 34 주공APT2단지상가1/2 101,031-268-9233
610,주공1점,경기도,평택시,경기도 평택시 평택2로 108 (비전동),031-654-9993
611,죽산점,경기도,안성시,경기도 안성시 죽산면 중서길 1,031-676-3152
612,죽전점,경기도,용인시수지구,"경기도 용인시수지구 대지로 62, 104(죽전동)",031-261-9595
613,중동1점,경기도,부천시원미구,경기도 부천시원미구 중동 805-2 중앙 103호,032-662-6858
614,중동동성점,경기도,부천시원미구,"경기도 부천시원미구 조마루로 233, 상가동1층121호(중동, 미리내마을)",032-323-5500
615,중산점,경기도,고양시일산동구,경기도 고양시일산동구 탄중로 416 상가 109,031-976-0343
616,중탑점,경기도,성남시분당구,경기도 성남시분당구 양현로 539. 매화근린상가1층 104,031-704-2907
617,중흥설악점,경기도,부천시원미구,경기도 부천시원미구 중동 1052 중흥주공상가 204,032-324-7511
618,지평점,경기도,양평군,경기도 양평군 지평면 지평의병로 96,031-773-7125
619,참이슬점,경기도,평택시,경기도 평택시 참이슬길 16,031-654-9923
620,창현점,경기도,남양주시,경기도 남양주시 화도읍 창현로  60(신명상가 108호),031-595-4560
621,천리점,경기도,용인시처인구,경기도 용인시처인구 이동면 백옥대로 623,031-332-2401
622,천마점,경기도,남양주시,경기도 남양주시 화도읍 멋갓로28번길 36,031-594-8852
623,천천2점,경기도,수원시장안구,경기도 수원시장안구 화서동 706 진흥@상가 105,031-298-3141
624,철산2점,경기도,광명시,경기도 광명시 철산2동 156-1 1층,02-2060-7717
625,철산3점,경기도,광명시,"경기도 광명시 도덕공원로 21-1. 비02호(철산동,힐타운상가)",02-2616-5553
626,청북신도시점,경기도,평택시,경기도 평택시 청북면 옥길리 1165-7,031-686-8833
627,청북점,경기도,평택시,경기도 평택시 청북읍 신포길56,031-683-3071
628,초가점,경기도,포천시,경기도 포천시 소흘읍 검바위길 84,031-543-1800
629,초월점,경기도,광주시,경기도 광주시 초월읍 경춘대로 1043,031-767-4166
630,초지1점,경기도,안산시단원구,경기도 안산시단원구 초지동 734-5 한양타워 114호,031-402-9979
631,칠보점,경기도,수원시권선구,경기도 수원시권선구 금호로 2 1층 102호,031-293-2443
632,탄현점,경기도,고양시일산서구,경기도 고양시일산서구 탄현로 74,031-911-9229
633,태전동점,경기도,광주시,경기도 광주시 태봉로 31-3 105호(태전동),031-798-3361
634,"태평1,3동점",경기도,성남시수정구,"경기도 성남시수정구 남문로 14(태평동, 1층)",031-754-2456
635,"태평2,4동점",경기도,성남시수정구,"경기도 성남시수정구 남문로102번길 1(태평동, 1층)",031-756-5544
636,퇴계원점,경기도,남양주시,경기도 남양주시 퇴계원면 경춘북로 520번길 4,031-572-2980
637,퇴촌점,경기도,광주시,경기도 광주시 퇴촌면 광동로 97,031-766-5633
638,파인힐(공단점),경기도,시흥시,경기도 시흥시 마유로 226 120호,031-319-0084
639,파장2점,경기도,수원시장안구,"경기도 수원시장안구 파장천로 44번길 88, 1층(파장동)",031-251-8944
640,파장점,경기도,수원시장안구,경기도 수원시장안구 파장로 79(정자동),031-246-7970
641,팽성점,경기도,평택시,"경기도 평택시 팽성읍 안정쇼핑로 77-2, 12",031-691-6916
642,평내점,경기도,남양주시,경기도 남양주시 경춘로 1302,031-591-3731
643,평촌3점,경기도,안양시동안구,경기도 안양시동안구 관양동 1589-1 한가람상가 103호,031-381-7457
644,평촌5점,경기도,안양시동안구,"경기도 안양시동안구 동안로 2.109(호계동,무궁화진흥아파트상가)",031-381-6777
645,평택1점,경기도,평택시,"경기도 평택시 중앙로 19(통복동, 2층)",031-654-5474
646,평택지산점,경기도,평택시,경기도 평택시 지산동 1130,031-664-7272
647,포도원점,경기도,안양시동안구,경기도 안양시동안구 호계동 859-13,031-458-8408
648,포승점,경기도,평택시,경기도 평택시 포승읍 석정리 1257-13 1층 3,031-682-1007
649,포천점,경기도,포천시,경기도 포천시 중앙로 184,031-535-9588
650,풍동식사점,경기도,고양시일산동구,경기도 고양시일산동구 숲속마을2로 100,031-907-9290
651,풍무2점,경기도,김포시,"경기도 김포시 풍무로 51, 101(풍무동)",031-997-8592
652,하남신도시점,경기도,하남시,경기도 하남시 신장2동 528 현대A 116-115,031-793-7834
653,하대원점,경기도,성남시중원구,"경기도 성남시중원구 마지로155번길 25-7(하대원동,1층)",031-755-0521
654,하북점,경기도,평택시,경기도 평택시 진위면 하북4길 3,031-668-0933
655,하성점,경기도,김포시,경기도 김포시 하성면 애기봉로806번길 67,031-989-1909
656,하안1점,경기도,광명시,"경기도 광명시 안현로 19(하안동, 단지상가 111호)",02-809-6638
657,하안5점,경기도,광명시,경기도 광명시 하안1동 702-2 5단지 일반상가 109,02-899-0119
658,하안7점,경기도,광명시,경기도 광명시 하안3동 295-1 주공7단지 종합상가 106,02-803-5789
659,하안9점,경기도,광명시,경기도 광명시 하안동 13-2 9단지 종합상가 101,02-892-6923
660,한대역점,경기도,안산시상록구,"경기도 안산시상록구 사동 1186-8, 101호",031-437-3392
661,한솔점,경기도,성남시분당구,"경기도 성남시분당구 정자로 113, 한솔마을5단지상가101호(정자동)",031-713-6615
662,한아름점,경기도,부천시원미구,경기도 부천시원미구 상동 393,032-325-2629
663,한주점,경기도,의정부시,경기도 의정부시 평화로322번길 18(호원동),031-871-1717
664,합정점,경기도,평택시,경기도 평택시 합정동 773-1,031-653-9234
665,향남점,경기도,화성시,"경기도 화성시 향남읍 행정서로 1길 44, 103호",031-8059-2288
666,현대점(수원),경기도,수원시권선구,경기도 수원시권선구 세지로82번길 37(권선동),031-239-5225
667,현리점,경기도,가평군,"경기도 가평군 조종면  현창로 50, 1층",031-585-1015
668,호계2동점,경기도,안양시동안구,"경기도 안양시동안구 귀인로110번길 22, 1층(호계동)",031-455-6333
669,호원점,경기도,의정부시,경기도 의정부시 신흥로 119번길 54,031-873-9295
670,홍익점,경기도,안성시,"경기도 안성시 금광면 종합운동장로 132, 홍익아파트상가 107",031-671-1130
671,화서점,경기도,수원시팔달구,경기도 수원시팔달구 팔달로127번길 16-4(화서동),031-253-5522
672,화성남양점,경기도,화성시,경기도 화성시 남양읍 남양시장로 86,031-357-8046
673,화성시청점,경기도,화성시,경기도 화성시 남양읍 역골로 3-20 ,031-357-9275
674,후곡점,경기도,고양시일산서구,경기도 고양시일산서구 강선로 140,031-913-6062
675,흰돌점,경기도,고양시일산동구,경기도 고양시일산동구 일산로 11  ,031-903-1333
676,간성점,강원도,고성군,강원도 고성군 간성읍 간성로 45,033-681-3330
677,간현점,강원도,원주시,강원도 원주시 지정면 간현로 188,033-731-0887
678,강릉교동점,강원도,강릉시,강원도 강릉시 강릉대로 269 (교동),033-642-9800
679,강릉대점,강원도,강릉시,강원도 강릉시  율곡초교길39번  23(교동),033-645-6288
680,강릉서부점,강원도,강릉시,강원도 강릉시 임영로 170-3(임당동),033-641-1930
681,강릉옥계점,강원도,강릉시,강원도 강릉시  옥계면 현내시장길 59,033-534-2587
682,강릉옥천동점,강원도,강릉시,강원도 강릉시  경강로 2166,033-642-1532
683,강릉유천점,강원도,강릉시,강원도 강릉시  선수촌로 63번길 5 우미린상가106,033-641-8494
684,개운점,강원도,원주시,강원도 원주시 송림길 48-10(개운동),033-761-2592
685,거진점,강원도,고성군,강원도 고성군 거진읍 거탄진로 117,033-682-3327
686,건등점,강원도,원주시,"강원도 원주시 문막읍 왕건로 96, 지하1층",033-734-7282
687,경포대점,강원도,강릉시,강원도 강릉시  해안로 501  ,033-644-1600
688,고한점,강원도,정선군,강원도 정선군 고한읍 고한로 151-1,033-591-8212
689,교대앞점,강원도,춘천시,강원도 춘천시 공지로 111 ,033-262-9355
690,구곡현대점,강원도,원주시,강원도 원주시 남원로 492-14(단구동1576-3),033-764-9291
691,남부점,강원도,원주시,강원도 원주시 남원로 617-2(명륜동),033-762-3727
692,내곡동점,강원도,강릉시,강원도 강릉시 관대길 70,033-643-2808
693,내면점,강원도,홍천군,강원도 홍천군 내면읍 창촌로 48,033-432-0418
694,노암점,강원도,강릉시,강원도 강릉시 노가니길 1(노암동),033-647-8592
695,노학점,강원도,속초시,강원도 속초시 교동로  55(교동),033-636-5592
696,단계점,강원도,원주시,강원도 원주시 원문로 85 1층(학성동),033-731-9292
697,단계택지점,강원도,원주시,강원도 원주시 금불3길 34(단계동),033-743-6586
698,단관점,강원도,원주시,강원도 원주시 단관길 163(관설동),033-763-9289
699,단구점,강원도,원주시,강원도 원주시 치악로 1629 (단구동),033-763-8929
700,대진점,강원도,고성군,강원도 고성군 현내면 한나루로 112-1,033-682-0303
701,대학로점,강원도,삼척시,강원도 삼척시 대학로 45(당저동),033-573-4298
702,대화점(강원),강원도,평창군,강원도 평창군 대화면 대화3길 46,033-333-2001
703,도립대점,강원도,강릉시,강원도 강릉시  주문진읍 연주로 261-1,033-661-7282
704,도영점,강원도,원주시,강원도 원주시 남원로 527번길 6-34(명륜동),033-762-8668
705,동명동점,강원도,속초시,강원도 속초시 번영로105번길 19(동명동),033-631-2530
706,동보점,강원도,원주시,강원도 원주시 진광길 30(우산동),033-744-9028
707,동송점,강원도,철원군,강원도 철원군 동송읍 금학로 232,033-455-4490
708,동해점,강원도,동해시,강원도 동해시 천곡2길 4(천곡동),033-532-3325
709,망상점,강원도,동해시,"강원도 동해시  동해대로 6270-16, 1층 111호(망상동)",033-534-6988
710,무실점,강원도,원주시,강원도 원주시 시청로 88-1  101호(무실동),033-734-9255
711,묵호점,강원도,동해시,"강원도 동해시 발한로 137(발한동, 가동)",033-533-1668
712,문막점,강원도,원주시,강원도 원주시 문막읍 문막시장1길 55-2,033-735-0909
713,봉산점,강원도,원주시,강원도 원주시 치악로 1867 (봉산동),033-743-2877
714,봉평점,강원도,평창군,강원도 평창군 봉평면 기풍3길 28,033-336-9282
715,부론점,강원도,원주시,강원도 원주시 부론면 법천시장길 66-11,033-732-8292
716,부안점,강원도,춘천시,강원도 춘천시 후석로 261(후평동),033-256-4825
717,북평점,강원도,동해시,강원도 동해시 대동로 131(북평동),033-521-6321
718,사북점,강원도,정선군,강원도 정선군 사북읍 사북중앙로 13,033-592-3686
719,사우동점,강원도,춘천시,강원도 춘천시 영서로 2818(사농동),033-251-9794
720,사창리점,강원도,화천군,강원도 화천군 사내면 사내로 47-1,033-441-4603
721,삼광점,강원도,원주시,강원도 원주시 행구로 107,033-746-9829
722,서석점,강원도,홍천군,강원도 홍천군 서석면 구룡령로 2525,033-433-2777
723,석사점,강원도,춘천시,강원도 춘천시 백령로 7,033-253-8422
724,설악동점,강원도,속초시,강원도 속초시 청봉로 77 (설악동),033-636-8316
725,소양로점,강원도,춘천시,강원도 춘천시 중앙로 126번지(소양로4가),033-253-8281
726,송정점,강원도,동해시,"강원도 동해시 동해항2길 5, 7/2(송정동)",033-522-4651
727,송지호점,강원도,고성군,강원도 고성군 죽왕면 동해대로 5902,033-632-0020
728,신림점(원주),강원도,원주시,강원도 원주시 신림면 신림황둔로 4,033-762-0953
729,신수리점,강원도,철원군,강원도 철원군 서면 자등로 593,033-458-5599
730,안흥점,강원도,횡성군,강원도 횡성군 안흥면 안흥길 37-1,033-342-4018
731,양덕원점,강원도,홍천군,강원도 홍천군 남면 시동로 4,033-432-3979
732,연봉점,강원도,홍천군,강원도 홍천군 홍천읍 무궁화로 88,033-433-7266
733,영월삼호점,강원도,영월군,강원도 영월군 영월읍 단종로 88,033-374-6241
734,영월점,강원도,영월군,강원도 영월군 영월읍 하송안길 114,033-374-4796
735,오크밸리점,강원도,원주시,강원도 원주시 지정면 오크밸리 2길 22,033-744-8959
736,와수리점,강원도,철원군,강원도 철원군 서면 와수리 168-1,033-458-4898
737,요선동점,강원도,춘천시,강원도 춘천시 서부대성로48번 24,033-242-1798
738,우천점,강원도,횡성군,강원도 횡성군 우천면 수남로 333,033-343-9141
739,원동일산점,강원도,원주시,"강원도 원주시 무실로 96, 1층 (일산동)",033-743-2581
740,원주역전점,강원도,원주시,강원도 원주시 원일로 208(학성동),033-743-6107
741,원통점,강원도,인제군,강원도 인제군 북면 금강로 46,033-461-1919
742,인제점,강원도,인제군,강원도 인제군 인제읍 비봉로 3,033-461-2510
743,인제현리점,강원도,인제군,강원도 인제군 기린면 기린로 19,033-461-5132
744,임계점,강원도,정선군,강원도 정선군 임계면 송계5길 5,033-562-3939
745,입암동점,강원도,강릉시,강원도 강릉시 성덕포남로 89-10,033-651-3366
746,자유점,강원도,원주시,"강원도 원주시 자유시장길 7, 22-3(중앙동)",033-745-8552
747,장성점,강원도,태백시,강원도 태백시 장성시장1길 3(장성동),033-581-3236
748,장양리점,강원도,원주시,강원도 원주시 소초면 장막1길 7,033-747-3477
749,정선점,강원도,정선군,강원도 정선군 정선읍 정선로 1352,033-562-1072
750,조양동점,강원도,속초시,강원도 속초시 동해대로 3998(조양동),033-636-2270
751,주문진점,강원도,강릉시,강원도 강릉시 주문진읍 주문로 117,033-661-0006
752,주천점,강원도,영월군,강원도 영월군 주천면   주천로 88-1,033-372-2840
753,지경리점,강원도,철원군,강원도 철원군 김화읍 청양로84,033-458-3990
754,진부점,강원도,평창군,강원도 평창군  진부면 진부중앙로 70,033-335-1442
755,진우점,강원도,원주시,강원도 원주시 현충로 272(태장동),033-742-8371
756,청일점,강원도,횡성군,강원도 횡성군 청일면 유동로 18,033-344-9288
757,춘천명동점,강원도,춘천시,강원도 춘천시 금강로76번길 (조양동),033-253-9566
758,춘천터미널점,강원도,춘천시,강원도 춘천시 공지로 458(근화동),033-253-8490
759,춘천팔호광장점,강원도,춘천시,강원도 춘천시 효자로 154(효자동),033-253-8578
760,태백점,강원도,태백시,강원도 태백시 먹거리길  66,033-553-0155
761,태백주공점,강원도,태백시,강원도 태백시 감천로 28(황지동),033-553-5619
762,태장점,강원도,원주시,강원도 원주시 북원로 2696(태장동),033-742-9192
763,퇴계동점,강원도,춘천시,"강원도 춘천시 행촌로32번길  5-6, 1층",033-257-4134
764,퇴계주공점,강원도,춘천시,강원도 춘천시 지석로 74-11 A13(퇴계동),033-262-9298
765,평원점,강원도,원주시,강원도 원주시 평원로 67(평원동),033-748-0567
766,평창점(강원),강원도,평창군,강원도 평창군 평창읍 평창중앙로 84,033-333-0010
767,포남동점,강원도,강릉시,강원도 강릉시  강릉대로527번 15,033-651-3624
768,포남로얄점,강원도,강릉시,강원도 강릉시  경강로  2265(포남동),033-642-1119
769,학다리점,강원도,홍천군,강원도 홍천군  홍천읍 꽃뫼로 120,033-433-6887
770,학성점,강원도,원주시,강원도 원주시 천사로 164(일산동),033-748-4456
771,함백점,강원도,정선군,강원도 정선군 신동읍 함백로 319,033-378-7637
772,혁신점,강원도,원주시,강원도 원주시 건강로 17-3 (101),033-732-9595
773,횡성점,강원도,횡성군,강원도 횡성군 횡성읍 태기로 35,033-343-3813
774,횡성중앙점,강원도,횡성군,"강원도 횡성군 횡성읍 문정로19번길, 13-3",033-343-3371
775,효가리점,강원도,동해시,"강원도 동해시 청운로 71(쇄운동, 104)",033-521-8185
776,후평2동점,강원도,춘천시,강원도 춘천시 후만로 37,033-251-9252
777,흥업점,강원도,원주시,강원도 원주시 흥업면 남원로 82,033-763-4291
778,가흥점,경상북도,영주시,경상북도 영주시 가흥동 530 시영상가 나동 102호,054-634-2500
779,강구점,경상북도,영덕군,경상북도 영덕군 강구면 강구리 453번지,054-733-5544
780,건천점,경상북도,경주시,"경상북도 경주시 건천읍 내서로 1126, 101",054-751-3510
781,공성점,경상북도,상주시,경상북도 상주시 공성면 옥산리 290-8,054-535-5000
782,구미송정점,경상북도,구미시,경상북도 구미시 송정동 465-1,054-443-8592
783,군위점,경상북도,군위군,경상북도 군위군 군위읍 서부리 57-1,054-382-3392
784,금장점,경상북도,경주시,경상북도 경주시 현곡면 금장리 410 삼성APT상가 나동 103,054-775-8969
785,기계점,경상북도,포항시북구,경상북도 포항시북구 기계면 현내리 407-3번지,054-243-1820
786,꼬꼬점,경상북도,포항시북구,경상북도 포항시북구 칠성천길 98,054-242-9291
787,농암점,경상북도,문경시,경상북도 문경시 농암면 청암2길 10,054-571-3020
788,다인점,경상북도,의성군,경상북도 의성군 다인면 서릉길 59,054-861-9988
789,달전점,경상북도,포항시북구,경상북도 포항시북구 흥해읍 도음로877번길 9 삼도미래타운106-106,054-262-4200
790,당북점,경상북도,안동시,경상북도 안동시 대안로 65-2,054-842-7474
791,도구점,경상북도,포항시남구,경상북도 포항시남구 동해면 일월로 116,054-286-2970
792,동천점,경상북도,경주시,경상북도 경주시 탈해로47번길 6-4,054-773-7731
793,두호점,경상북도,포항시북구,경상북도 포항시북구 두호동 205-26,054-252-5886
794,문경점,경상북도,문경시,경상북도 문경시 문경읍 주흘로 29,054-571-7964
795,문덕점,경상북도,포항시남구,경상북도 포항시남구 오천읍 문덕리 203-3 청호A상가101,054-292-1236
796,백암점,경상북도,울진군,경상북도 울진군 온정면 소태리 933,054-787-2225
797,백천점,경상북도,경산시,경상북도 경산시 백천동 573-1 108,053-811-4009
798,봉곡점,경상북도,구미시,경상북도 구미시 봉곡남로9길 35,054-443-5525
799,봉화점,경상북도,봉화군,경상북도 봉화군 봉화읍 내성리 236-17,054-672-0909
800,부석점,경상북도,영주시,경상북도 영주시 부석면 소천리 381-7,054-633-3132
801,북부점(경주),경상북도,경주시,경상북도 경주시 동부동 75-8,054-743-6410
802,북부점(포항),경상북도,포항시북구,경상북도 포항시북구 두호동 1035-7,054-253-9977
803,북삼점,경상북도,칠곡군,경상북도 칠곡군 북삼읍 평원2길 15,054-972-3298
804,석적점,경상북도,칠곡군,경상북도 칠곡군 석적읍 북중리 11길 28,054-977-3999
805,성건점,경상북도,경주시,경상북도 경주시 성건동 625-8,054-741-5418
806,성주점(경북),경상북도,성주군,경상북도 성주군 월항면  주산로 397,054-932-9448
807,순흥점,경상북도,영주시,경상북도 영주시 순흥면 읍내리 315-1,054-632-4555
808,안강점,경상북도,경주시,경상북도 경주시 안강읍 비화원로 117,054-761-2884
809,약목점,경상북도,칠곡군,경상북도 칠곡군 약목면 약목로 94-2(2층 건물내 1층),054-974-5074
810,영덕점,경상북도,영덕군,경상북도 영덕군 영덕읍 중앙길 120-3,054-733-7799
811,영주풍기점,경상북도,영주시,경상북도 영주시 풍기읍 풍기로 49-1,054-636-5915
812,영해점,경상북도,영덕군,경상북도 영덕군 영해면 성내리 470-31,054-733-0775
813,예천점,경상북도,예천군,경상북도 예천군 예천읍 남본리 222-2번지,054-654-1951
814,옥산점,경상북도,경산시,경상북도 경산시 성암로 10길 2-12(옥산동),053-813-1396
815,왜관점,경상북도,칠곡군,경상북도 칠곡군 왜관읍 구상길 180-1 삼성A104,054-973-3637
816,용강점,경상북도,경주시,경상북도 경주시 승삼1길 6-10,054-749-9591
817,우현점,경상북도,포항시북구,경상북도 포항시북구 우현동 134-7 우현상가101호,054-248-3618
818,인동점,경상북도,구미시,경상북도 구미시 인동19길  36-1 1층,054-471-9991
819,임은점,경상북도,구미시,경상북도 구미시 임은길 50,054-462-1967
820,장량점,경상북도,포항시북구,경상북도 포항시북구 장량로87번길 6-15,054-255-9992
821,장수점,경상북도,영주시,경상북도 영주시 장수면 장수로 48,054-637-4429
822,죽변점,경상북도,울진군,경상북도 울진군 죽변면 죽변북로 59,054-782-3388
823,중앙점(경주),경상북도,경주시,경상북도 경주시 노동동 236-1,054-742-1640
824,진량점,경상북도,경산시,경상북도 경산시 진량읍 황제리 70-1 창신황제상가 203,053-856-9959
825,진보점,경상북도,청송군,경상북도 청송군 진보면 진안리 384-4,054-874-2800
826,청도점,경상북도,청도군,경상북도 청도군 청도읍 청화로 202-2,054-371-6633
827,청림점,경상북도,포항시남구,경상북도 포항시남구 청림동 588-2번지,054-291-7967
828,충효점,경상북도,경주시,경상북도 경주시 충효중앙길 65(충효동),054-771-9964
829,포항오천점,경상북도,포항시남구,"경상북도 포항시남구 오천읍 해병로337번길, 18-5",054-291-5522
830,포항이동점,경상북도,포항시남구,경상북도 포항시남구 대잠동 469-3,054-275-9972
831,포항장성점,경상북도,포항시북구,경상북도 포항시북구 성실로 24-1,054-254-9401
832,포항터미널점,경상북도,포항시남구,경상북도 포항시남구 중섬로 25(대잠동),054-284-9952
833,환호점,경상북도,포항시북구,경상북도 포항시북구 삼호로 458,054-252-4762
834,황성점,경상북도,경주시,경상북도 경주시 용담로92번길 43-4,054-746-1700
835,효자점(포항),경상북도,포항시남구,경상북도 포항시남구 효자동 119-1,054-252-7800
836,후포점,경상북도,울진군,경상북도 울진군 후포면 후포리 623-130,054-787-8575
837,휴천점,경상북도,영주시,경상북도 영주시 휴천2동 303-21,054-635-5553
838,흥해점,경상북도,포항시북구,경상북도 포항시북구 흠해흡 초곡지구로52번길,054-261-9982
839,거창점,경상남도,거창군,경상남도 거창군 거창읍 중앙로 52-1,055-945-2765
840,경남고성점,경상남도,고성군,경상남도 고성군 고성읍 송학리 263-7,055-673-6633
841,경남금산점,경상남도,진주시,경상남도 진주시 금산면 금산로,055-763-9299
842,경남단계점,경상남도,산청군,경상남도 산청군 신등면 신등가회로 15,055-972-3018
843,경남사천점,경상남도,사천시,경상남도 사천시 사천읍 정의1길 16,055-852-3197
844,경남양산점,경상남도,양산시,경상남도 양산시 중앙로 111 1층,055-385-5329
845,곤명점,경상남도,사천시,경상남도 사천시 곤명면 정곡리 843-9,055-853-8382
846,구산점,경상남도,김해시,경상남도 김해시 구산로 32-1,055-326-4470
847,김해내동점,경상남도,김해시,경상남도 김해시 평전로 154(내동),055-337-5686
848,김해중앙점,경상남도,김해시,경상남도 김해시 부원동 603-7,055-328-9282
849,남해대교점,경상남도,남해군,경상남도 남해군 설천면 노량로 197,055-862-8890
850,남해점,경상남도,남해군,경상남도 남해군 남해읍 서변리 149-1,055-862-1400
851,범어점,경상남도,양산시,경상남도 양산시 물금읍 범어리 721-1,055-383-8897
852,부곡온천점,경상남도,창녕군,경상남도 창녕군 부곡면 온천중앙로 47,055-536-5136
853,삼계점,경상남도,김해시,경상남도 김해시 가야로147번길 12-1 ,055-314-5591
854,삼방점,경상남도,김해시,경상남도 김해시 삼안로235번길 14(삼방동668-17),055-332-5921
855,서부점,경상남도,창원시진해구,경상남도 창원시진해구   충장로 100,055-545-9282
856,서상점,경상남도,함양군,경상남도 함양군 서상면 서상로 290-2,055-963-0033
857,신반점,경상남도,의령군,경상남도 의령군 부림면 신번로 164,055-574-6551
858,신안점,경상남도,진주시,경상남도 진주시 평거로116번길 8-1 1층,055-745-6602
859,안의점,경상남도,함양군,경상남도 함양군 안의면 금천리 203-4,055-964-1106
860,양덕합성점,경상남도,창원시마산회원구,경상남도 창원시마산회원구 합성동 733-3,055-256-9930
861,영오점,경상남도,고성군,경상남도 고성군 영오면 영회로 514,055-672-9310
862,옥포1점,경상남도,거제시,경상남도 거제시 옥포로 282,055-687-9204
863,외동점,경상남도,김해시,경상남도 김해시 외동 1214-2,055-331-2009
864,용원점,경상남도,창원시진해구,경상남도 창원시진해구 용재로29번길 5-17,055-552-0543
865,장유2점,경상남도,김해시,경상남도 김해시 대청동 291-1 ,055-313-9797
866,장유점,경상남도,김해시,경상남도 김해시 무계동 278,055-312-5197
867,장평점,경상남도,거제시,"경상남도 거제시 장평3로7길 58(장평동, 1층)",055-635-3879
868,죽림점,경상남도,통영시,"경상남도 통영시 광도면 죽림1로 17-37, 102호(용문빌딩1층)",055-642-0038
869,진주대곡점,경상남도,진주시,경상남도 진주시 대곡면 광석리 315-1,055-744-2880
870,창녕점,경상남도,창녕군,경상남도 창녕군 창녕읍 명덕로 48,055-532-3826
871,초계점,경상남도,합천군,경상남도 합천군 초계면 초계리 89-1,055-933-6922
872,통영1점,경상남도,통영시,"경상남도 통영시 중앙로 255 106호(북신동,동우상가)",055-646-0339
873,통영2점,경상남도,통영시,경상남도 통영시 도천동 1021-1 영생상가나동 111호,055-643-4040
874,평거점,경상남도,진주시,경상남도 진주시 진양호로 187,055-745-3119
875,하동점,경상남도,하동군,경상남도 하동군 하동읍 읍내리 1283-2,055-883-7985
876,함양점,경상남도,함양군,경상남도 함양군 함양읍 용평리 702-12,055-963-7474
877,합포점,경상남도,창원시마산합포구,경상남도 창원시마산합포구 장군동4가 24-6,055-222-3592
878,회원교방점,경상남도,창원시마산회원구,경상남도 창원시마산회원구 회원남로 39-1,055-248-9211
879,가경동점,충청북도,청주시흥덕구,충청북도 청주시흥덕구 풍산로 103(복대동),043-233-4091
880,가마점,충청북도,청주시서원구,"충청북도 청주시서원구 남이면 청남로  1827-25, 1층",043-287-2003
881,감곡점,충청북도,음성군,충청북도 음성군 감곡면 장감로 142,043-881-3903
882,강서점,충청북도,청주시흥덕구,충청북도 청주시흥덕구 가로수로1154 5-12(강서동),043-232-5254
883,개신점,충청북도,청주시서원구,충청북도 청주시서원구 장구봉로 130(개신동),043-218-9292
884,고은점,충청북도,청주시상당구,충청북도 청주시상당구 남일면 단재로 730-1,043-293-8592
885,과학단지점,충청북도,청주시청원구,충청북도 청주시청원구 오창읍 오창중앙로 94,043-900-8292
886,관기점,충청북도,보은군,충청북도 보은군 마로면 관기송현로 95-1,043-542-9222
887,광혜원점,충청북도,진천군,충청북도 진천군 광혜원면 화랑5길 8,043-535-2170
888,괴산점,충청북도,괴산군,"충청북도 괴산군 괴산읍 읍내로11번길, 8-5",043-833-0444
889,금왕점,충청북도,음성군,충청북도 음성군 금왕읍 탑골길 18,043-878-1330
890,기업도시점,충청북도,충주시,충청북도 충주시 중앙탑면 원앙9길 15 ,043-842-7755
891,대강점,충청북도,단양군,충청북도 단양군 대강면 대강로 59-1,043-421-3392
892,대소점,충청북도,음성군,충청북도 음성군 대소면 오태로99번길 12-4,043-881-8508
893,덕산점,충청북도,진천군,충청북도 진천군 덕산면 덕금로 809,043-536-5888
894,명보점,충청북도,제천시,충청북도 제천시 용두천로 112(남천동),043-644-4311
895,목행점,충청북도,충주시,충청북도 충주시 행정10길 10(목행동),043-853-2900
896,문화동점,충청북도,충주시,충청북도 충주시 사직산1길 15-11(문화동),043-853-7204
897,미원점,충청북도,청주시상당구,충청북도 청주시상당구 미원면 미원시내2길 19-3,043-298-3993
898,보은점,충청북도,보은군,충청북도 보은군 보은읍 삼산리 44-1,043-543-1655
899,복대점,충청북도,청주시흥덕구,충청북도 청주시흥덕구 복대로199번길 3,043-265-2450
900,봉명동점,충청북도,청주시흥덕구,충청북도 청주시흥덕구 주현로25번길 20(봉명동),043-265-8503
901,분평동점,충청북도,청주시서원구,"충청북도 청주시서원구 분평동 청남로2005번길, 27",043-285-2929
902,사창동점,충청북도,청주시서원구,충청북도 청주시서원구 1순환로  698(사창동),043-265-0338
903,속리산점,충청북도,보은군,충청북도 보은군 속리산면 사내리 281-1,043-543-0488
904,수곡동점,충청북도,청주시서원구,충청북도 청주시서원구 청남로  2092-1,043-283-6964
905,수안보점,충청북도,충주시,충청북도 충주시 수안보면 장터2길 20-7,043-846-8954
906,앙성점,충청북도,충주시,충청북도 충주시 앙성면 가곡로 1033-1,043-855-0561
907,엄정점,충청북도,충주시,충청북도 충주시 엄정면 내창로 205,043-852-2919
908,연수동점,충청북도,충주시,충청북도 충주시 연원로 28(연수동),043-848-3667
909,연풍점(충북),충청북도,괴산군,충청북도 괴산군 연풍면 향교로 28,043-833-5227
910,영운동점,충청북도,청주시상당구,충청북도 청주시상당구 영운로 34-1(영운동),043-259-4618
911,옥천점(충북),충청북도,옥천군,충청북도 옥천군 옥천읍 금구리 24-6,043-731-5574
912,우암점,충청북도,청주시상당구,충청북도 청주시상당구 향군로 20(우암점),043-257-2722
913,율량점,충청북도,청주시청원구,충청북도 청주시청원구 공항로 114,043-211-2428
914,음성점,충청북도,음성군,충청북도 음성군 음성읍 시장로 95,043-873-7709
915,이원점,충청북도,옥천군,충청북도 옥천군 이원면 강청리 82-6,043-731-6646
916,이월점,충청북도,진천군,충청북도 진천군 이월면 진광로 789-1,043-536-8898
917,장락고암점,충청북도,제천시,충청북도 제천시 신죽하로 83-24(장락동),043-644-4578
918,제천역전점,충청북도,제천시,충청북도 제천시 내토로 435-1,043-643-1885
919,주덕점,충청북도,충주시,충청북도 충주시 주덕읍 신양로 109,043-845-6421
920,진천점,충청북도,진천군,"충청북도 진천군 진천읍 문화로 237-18, 101호",043-533-4369
921,청주용암점,충청북도,청주시상당구,충청북도 청주시상당구 무농정로3번길 36(용암동),043-297-9292
922,청풍점,충청북도,제천시,"충청북도 제천시 청풍면 청풍호로58번길, 10-16",043-648-0097
923,추풍령점,충청북도,영동군,충청북도 영동군 추풍령면 신안로 52-1,043-742-2548
924,칠금점,충청북도,충주시,"충청북도 충주시 금릉로 45, 109(칠금동, 현대아파트상가동)",043-854-2900
925,테크노점,충청북도,청주시흥덕구,충청북도 청주시흥덕구 송절동 822,043-268-7798
926,하소동점,충청북도,제천시,충청북도 제천시 용두대로21길 9(하소동),043-644-4507
927,황간점,충청북도,영동군,충청북도 영동군 황간면 남성리 558-1,043-744-9266
928,갈산점(홍성),충청남도,홍성군,충청남도 홍성군 갈산면 상촌리 243,041-634-1881
929,강경점,충청남도,논산시,충청남도 논산시 강경읍 대흥리 19-3,041-745-1206
930,고대점,충청남도,당진시,충청남도 당진시 고대면 고대로 47,041-352-8295
931,고덕점,충청남도,예산군,충청남도 예산군 고덕면 용고길 353,041-337-8319
932,고북점,충청남도,서산시,충청남도 서산시 고북면 기포리 300-2,041-663-1956
933,공주산성동점,충청남도,공주시,충청남도 공주시 산성찬호길 1(산성동),041-854-1215
934,공주중동점,충청남도,공주시,충청남도 공주시 웅진로 140(중동),041-852-8850
935,광천점,충청남도,홍성군,충청남도 홍성군 광천읍 광천리 244-7,041-642-0008
936,금산2점,충청남도,금산군,충청남도 금산군 금산읍 중도리 391-4,041-751-0152
937,기지시점,충청남도,당진시,충청남도 당진시 송악읍 기지시리 161-1,041-356-1901
938,내포1점,충청남도,홍성군,충청남도 홍성군 홍북면 애향2길 2,041-634-8685
939,논산2점,충청남도,논산시,충청남도 논산시 취암동 610-2,041-733-2396
940,논산대교점,충청남도,논산시,충청남도 논산시 대교동 250-14,041-733-9955
941,논산주공점,충청남도,논산시,"충청남도 논산시 논산대로 348번길 7, 상가-101(취암동,주공아파트)",041-733-5892
942,당진1점,충청남도,당진시,충청남도 당진시 당진중앙2로 54-5,041-352-9999
943,당진2점,충청남도,당진시,충청남도 당진시 무수동로 195,041-357-8966
944,당진3점,충청남도,당진시,충청남도 당진시 원당로 55(원당동),041-355-4343
945,당진신평점,충청남도,당진시,충청남도 당진시 신평면 신평로 827,041-362-9288
946,대산점,충청남도,서산시,충청남도 서산시 대산읍 대산리 214-10,041-664-9400
947,대천해수욕장점,충청남도,보령시,충청남도 보령시 해수욕장4길 68(신흑동),041-932-9047
948,도고점,충청남도,아산시,충청남도 아산시 도고면 신언리 96-10,041-544-8746
949,동대동점,충청남도,보령시,충청남도 보령시 작은오랏2길 60-6,041-936-8865
950,두정2점,충청남도,천안시서북구,"충청남도 천안시서북구 부성6길 23(두정동, 중앙프라자상가105호)",041-556-9933
951,두정점,충청남도,천안시서북구,충청남도 천안시서북구 두정역서1길 13,041-556-6765
952,마전점,충청남도,금산군,충청남도 금산군 추부면 마전리 567-12,041-753-7972
953,모산점,충청남도,아산시,충청남도 아산시 배방면 공수리 63-24,041-548-1258
954,병천점,충청남도,천안시동남구,충청남도 천안시동남구 병천면 병천리 157-17,041-564-9199
955,보령웅천점,충청남도,보령시,충청남도 보령시 웅천읍 충서로 872,041-931-3052
956,부여점,충청남도,부여군,충청남도 부여군 부여읍 성왕로 173번길 12,041-833-2777
957,불당점,충청남도,천안시서북구,충청남도 천안시서북구 불당동 1124,041-556-8892
958,비인점,충청남도,서천군,충청남도 서천군 비인면 성내리 338-5,041-952-6231
959,삽교점,충청남도,예산군,충청남도 예산군 삽교읍 두리 570-52,041-338-7193
960,서산1점,충청남도,서산시,충청남도 서산시 읍내동 160-1,041-664-1596
961,서산부영점,충청남도,서산시,충청남도 서산시 성암1로 56(읍내동),041-681-6661
962,서산삼성점,충청남도,서산시,충청남도 서산시 동문동 538,041-664-7072
963,서천점,충청남도,서천군,충청남도 서천군 서천읍 군사리 715-2,041-953-2608
964,석림점,충청남도,서산시,충청남도 서산시 석림동 783-4,041-681-3005
965,석문점,충청남도,당진시,충청남도 당진시 석문면 통정3안길 8-15,041-353-8333
966,성거점,충청남도,천안시서북구,충청남도 천안시서북구 성거읍 성거길 90,041-622-6568
967,성정2점,충청남도,천안시서북구,충청남도 천안시서북구 성정동 서부11길 27,041-575-3161
968,성정점,충청남도,천안시서북구,충청남도 천안시서북구 성정로 141,041-572-2121
969,성환점,충청남도,천안시서북구,충청남도 천안시서북구 성환읍 성환리 345-3,041-581-8200
970,송산점,충청남도,당진시,충청남도 당진시 송산면 유곡리 355-36,041-358-9399
971,송악점,충청남도,아산시,충청남도 아산시 송악면 외암리 595-104,041-543-3393
972,신계점,충청남도,천안시동남구,충청남도 천안시동남구 목천읍 충철로 874 협성엠파이어아파트 상가 106~107호,041-566-7722
973,신관점,충청남도,공주시,충청남도 공주시 신관동 177-1,041-856-7775
974,신관초교점,충청남도,공주시,충청남도 공주시 신관동 319-7 신관초교 후문앞,041-856-9533
975,신례원점,충청남도,예산군,충청남도 예산군 예산읍 창말로 8,041-334-2022
976,신부점,충청남도,천안시동남구,충청남도 천안시동남구 터미널7길 26,041-552-4386
977,신창점,충청남도,아산시,충청남도 아산시 신창면 서부남로 868,041-542-9998
978,신항점,충청남도,태안군,충청남도 태안군 근흥면 신진도리 527-8,041-675-1349
979,아산풍기점,충청남도,아산시,충청남도 아산시 어의정로 184,041-541-9991
980,안면점,충청남도,태안군,충청남도 태안군 안면읍 장터로 114,041-673-4456
981,안서점,충청남도,천안시동남구,충청남도 천안시동남구 중암1길 17,041-555-7333
982,엄사금암점,충청남도,계룡시,충청남도 계룡시 엄사면 번영2길 4-41 101,042-841-6007
983,연무대점,충청남도,논산시,충청남도 논산시 연무읍 안심로 127,041-742-0946
984,예산1점,충청남도,예산군,충청남도 예산군 예산읍 예산리 천변로 179,041-332-2512
985,예산2점,충청남도,예산군,충청남도 예산군 예산읍 주교리 225-9,041-332-6376
986,온양1점,충청남도,아산시,충청남도 아산시 충무로 20번길 20,041-545-8178
987,용곡점,충청남도,천안시동남구,충청남도 천안시동남구 용곡동 583,041-592-9245
988,용화점,충청남도,아산시,"충청남도 아산시 용화동 694, 101호",041-546-0002
989,우성점,충청남도,천안시서북구,충청남도 천안시서북구 직산읍 자은가리1길 68  ,041-584-4323
990,원북점,충청남도,태안군,충청남도 태안군 원북면 원이로 837,041-675-3231
991,원앙마을점,충청남도,천안시동남구,충청남도 천안시동남구 목천읍 삼성리 9-9 부영A상가 110,041-562-0033
992,월봉점,충청남도,천안시서북구,충청남도 천안시서북구 월봉로 79,041-578-7782
993,월산부영점,충청남도,홍성군,충청남도 홍성군 홍성읍 월산로30번길 6,041-631-9222
994,유구점,충청남도,공주시,충청남도 공주시 유구읍 중앙1길 88,041-841-0821
995,음봉점,충청남도,아산시,충청남도 아산시 음봉면 산동안길 10,041-533-3151
996,의당.신한점,충청남도,공주시,충청남도 공주시 의당면 연수원길 115-2 102호,041-858-9282
997,이수점,충청남도,천안시서북구,충청남도 천안시서북구 백석동 433-3,041-569-9245
998,이주단지점,충청남도,당진시,충청남도 당진시 송악읍 신복운로6길 7(1층),041-358-8252
999,장항점,충청남도,서천군,충청남도 서천군 장항읍 장항로 125-1,041-956-5282
1000,정산점,충청남도,청양군,충청남도 청양군 정산면 서정리 168,041-943-2308
1001,죽정점,충청남도,보령시,충청남도 보령시 죽정동 646-9,041-936-5293
1002,중흥리점,충청남도,당진시,충청남도 당진시 송악읍 송악로 685,041-358-0444
1003,지곡점,충청남도,서산시,충청남도 서산시 지곡면 무장리 920 오스카빌 103,041-663-9985
1004,직산부영점,충청남도,천안시서북구,충청남도 천안시서북구 직산읍 군수1길 10 부영아파트상가 107호,041-581-1210
1005,직산점,충청남도,천안시서북구,충청남도 천안시서북구 직산읍 삼은리 76-177,041-583-2077
1006,천북점,충청남도,보령시,충청남도 보령시 천북면 하궁길 2,041-641-8292
1007,천안3점,충청남도,천안시동남구,충청남도 천안시동남구 봉정로 18,041-572-9930
1008,천안4점,충청남도,천안시동남구,충청남도 천안시동남구 오룡동 63-12,041-569-9415
1009,천안7단지점,충청남도,천안시서북구,"충청남도 천안시서북구 쌍용11길 57 109(쌍용동, 주공아파트 7단지상가)",041-571-1137
1010,천안백석점,충청남도,천안시서북구,충청남도 천안시서북구 백석5길 23-1(백석동),041-522-7888
1011,천안신당점,충청남도,천안시서북구,충청남도 천안시서북구 신당동 271-9,041-553-9445
1012,천안신방점,충청남도,천안시동남구,충청남도 천안시동남구 서부대로 피오레상가103 ,041-575-9292
1013,천안청룡점,충청남도,천안시동남구,충청남도 천안시동남구   구성2길 1(구성동),041-562-5608
1014,청당점,충청남도,천안시동남구,"충청남도 천안시동남구 청수10길 12, 101",041-622-5522
1015,청라점,충청남도,보령시,충청남도 보령시 청라면 당안길1,041-932-8334
1016,청양점,충청남도,청양군,충청남도 청양군 청양읍 읍내리 203-40,041-943-0230
1017,초원점,충청남도,아산시,충청남도 아산시 좌부동 84 초원상가 103,041-549-0009
1018,충남덕산점,충청남도,예산군,충청남도 예산군 덕산면 읍내리 342-1,041-338-0707
1019,탕정점,충청남도,아산시,충청남도 아산시 탕정면 탕정면로 230-11,041-543-9298
1020,태안점,충청남도,태안군,충청남도 태안군 태안읍 시장2길 42,041-672-4441
1021,테크노밸리점,충청남도,서산시,충청남도 서산시 성연면 일람리 1123,041-665-2121
1022,테크노점(아산),충청남도,아산시,충청남도 아산시 둔포면 석곡리 1520 아산테크노빌딩 102,041-545-5592
1023,합덕점,충청남도,당진시,충청남도 당진시 합덕읍 합덕시장로 176,041-362-5366
1024,해미점,충청남도,서산시,충청남도 서산시 해미면 남문5로 4,041-688-9292
1025,홍성2점,충청남도,홍성군,충청남도 홍성군 홍성읍 조양로 190,041-633-8148
1026,홍성주공점,충청남도,홍성군,충청남도 홍성군 홍성읍 문화로72번길 92,041-633-9284
1027,구암점,전라북도,군산시,전라북도 군산시 서당길 19(구암동),063-443-3396
1028,군산금호점,전라북도,군산시,전라북도 군산시 나운동 489 금호타운상가 108,063-465-7546
1029,금암점,전라북도,전주시덕진구,전라북도 전주시덕진구 조경단로 44,063-254-6525
1030,남원노암점,전라북도,남원시,"전라북도 남원시 노암동 260, 한신아파트상가 102호",063-632-3181
1031,무주점,전라북도,무주군,전라북도 무주군 무주읍 읍내리 249-6,063-322-3938
1032,미룡산북점,전라북도,군산시,전라북도 군산시 부곡로 125(미룡동),063-465-8388
1033,반월점,전라북도,전주시덕진구,전라북도 전주시덕진구 반월동 1229 반월주공아파트상가 104호,063-213-8292
1034,봉동점,전라북도,완주군,전라북도 완주군 봉동읍 장기리 214-1,063-261-3676
1035,부송점,전라북도,익산시,전라북도 익산시 부송1로 65,063-832-9292
1036,상동점,전라북도,정읍시,전라북도 정읍시 상동 265-1(충정로 37),063-535-9889
1037,송천점,전라북도,전주시덕진구,전라북도 전주시덕진구 솔내로 111(송천동1가),063-274-0607
1038,신태인점,전라북도,정읍시,전라북도 정읍시 신태인읍 신태인중앙로 7,063-571-1170
1039,아중점,전라북도,전주시덕진구,전라북도 전주시덕진구 인후동1가 880-5,063-242-9994
1040,어양점,전라북도,익산시,전라북도 익산시 고봉로18길 107(어양동),063-831-7804
1041,인월점,전라북도,남원시,전라북도 남원시 인월면 인월리 249-16,063-636-2381
1042,장계점,전라북도,장수군,전라북도 장수군 장계면 한들로 81,063-352-8292
1043,중화산동점,전라북도,전주시완산구,"전라북도 전주시완산구 따박골2길 3(중화산동2가, 1층)",063-228-5700
1044,호성점,전라북도,전주시덕진구,전라북도 전주시덕진구 호성동 2길 9,063-245-9282
1045,강진점,전라남도,강진군,전라남도 강진군 강진읍 탐진로 76-1,061-433-8292
1046,광양점,전라남도,광양시,전라남도 광양시 광양읍 인서중앙길 43,061-762-2828
1047,구례점,전라남도,구례군,전라남도 구례군 구례읍 중앙로 35,061-782-8838
1048,근화점,전라남도,목포시,전라남도 목포시 연산동 산정로 268-3,061-272-3294
1049,능주점,전라남도,화순군,전라남도 화순군 능주면 죽수길50,061-373-3245
1050,둔덕점,전라남도,여수시,전라남도 여수시 만성로 18,061-651-6641
1051,백양사점,전라남도,장성군,전라남도 장성군 북하면 백양로 904,061-392-9989
1052,영광점,전라남도,영광군,전라남도 영광군 영광읍 남천리 312-2,061-352-1788
1053,장흥관산점,전라남도,장흥군,전라남도 장흥군 관산읍 관산로 119-1,061-867-7970
1054,장흥점,전라남도,장흥군,전라남도 장흥군 장흥읍 동교3길 8,061-863-8191
1055,전남금산점,전라남도,고흥군,전라남도 고흥군 금산면 대흥리 360-20,061-842-7471
1056,중마점,전라남도,광양시,전라남도 광양시 중동 1681번지 태영@ 상가 106호,061-794-0909
1057,지리산온천점,전라남도,구례군,전라남도 구례군 산동면 관산리 715-2번지,061-783-7834
1058,진도점,전라남도,진도군,전라남도 진도군 진도읍 옥주길 22,061-544-3188
1059,하당동아점,전라남도,목포시,전라남도 목포시 신흥로45번길 2 상가112호,061-283-0015
1060,하당부영점,전라남도,목포시,전라남도 목포시 삼향천로91번길 26(옥암동),061-281-9943
1061,함평점,전라남도,함평군,전라남도 함평군 함평읍 광남길 83,061-324-8892
1062,해남점,전라남도,해남군,전라남도 해남군 해남읍 중앙1로 98,061-536-5700
1063,화순점,전라남도,화순군,전라남도 화순군 화순읍 광덕로 142,061-374-5557
1064,가수원점,대전광역시,서구,대전광역시 서구 가수원동 774-18,042-541-1350
1065,가오점,대전광역시,동구,대전광역시 동구 가오동 533,042-284-0399
1066,가장점,대전광역시,서구,대전광역시 서구 가장동 40-40,042-532-1140
1067,갈마점,대전광역시,서구,대전광역시 서구 갈마로 60(갈마동),042-531-9962
1068,관저1점,대전광역시,서구,대전광역시 서구 관저동 981 원앙쇼핑109호,042-544-9292
1069,관저2점,대전광역시,서구,대전광역시 서구 관저동 1137-1 구봉5단지상가 103호,042-544-9922
1070,괴정1점,대전광역시,서구,대전광역시 서구 괴정동 130-3,042-526-3222
1071,궁동점(대전),대전광역시,유성구,대전광역시 유성구 궁동 404-7,042-823-2223
1072,내동2점,대전광역시,서구,대전광역시 서구 내동 160-19,042-527-3111
1073,노은반석점,대전광역시,유성구,"대전광역시 유성구 노은서로266번 77, 104호(지상1층)",042-826-9282
1074,대고점,대전광역시,중구,"대전광역시 중구 테미로 31-1(대흥동, 1층)",042-256-6213
1075,대전용문점,대전광역시,서구,대전광역시 서구 괴정동 425-16,042-524-8030
1076,대전터미널점,대전광역시,동구,대전광역시 동구 동서대로1695 106,042-631-0666
1077,도마점,대전광역시,서구,대전광역시 서구 도마1동 129-30,042-522-0704
1078,도안지구점,대전광역시,유성구,대전광역시 유성구 원신흥남로11번 6-22 (102호),042-822-9283
1079,둔산1점,대전광역시,서구,대전광역시 서구 둔산동 1809  국화동성@상가 202호,042-482-1872
1080,둔산2점,대전광역시,서구,대전광역시 서구 둔산3동 1972번지,042-486-1007
1081,만년점,대전광역시,서구,대전광역시 서구 만년로16번길 27(만년동),042-485-9949
1082,목상석봉점,대전광역시,대덕구,"대전광역시 대덕구 대덕대로1454 11-6(목상동,1층)",042-932-8516
1083,문화점,대전광역시,중구,대전광역시 중구 문화동 788 상가 107호,042-585-6340
1084,법1동점,대전광역시,대덕구,대전광역시 대덕구 법동 281 삼정하이츠@상가 1층,042-673-4700
1085,법2동점,대전광역시,대덕구,대전광역시 대덕구 법동 206-6,042-631-0606
1086,비래가양점,대전광역시,동구,대전광역시 동구 가양2동 47-64,042-624-2243
1087,샘머리점,대전광역시,서구,대전광역시 서구 둔산동 908 상록스토아 306,042-488-2592
1088,선화점,대전광역시,중구,대전광역시 중구 은행동 1-1,042-254-5484
1089,송강그린점,대전광역시,유성구,대전광역시 유성구 송강동 208-7,042-935-9292
1090,송강마을점,대전광역시,유성구,대전광역시 유성구 구즉로58번길 12(송강동),042-935-4554
1091,송촌점,대전광역시,대덕구,대전광역시 대덕구 송촌동 222-12,042-633-9009
1092,신대점,대전광역시,대덕구,대전광역시 대덕구 신대동 216번지,042-625-8332
1093,신성점,대전광역시,유성구,대전광역시 유성구 신선로 72번길 30,042-861-6881
1094,신탄3점,대전광역시,대덕구,대전광역시 대덕구 신탄진동 18-8,042-931-0826
1095,옥계점(대전),대전광역시,중구,대전광역시 중구 대종로 59(옥계동),042-272-9292
1096,용운점,대전광역시,동구,대전광역시 동구 용운동 307-11,042-284-7553
1097,용전점,대전광역시,대덕구,대전광역시 대덕구 중리동 246-25,042-622-9955
1098,유성1점,대전광역시,유성구,대전광역시 유성구 게룡로60번길 60-2,042-822-6208
1099,유성2점,대전광역시,유성구,대전광역시 유성구 장대동 269-8,042-822-4342
1100,유천2점,대전광역시,중구,대전광역시 중구 유천동 127-7,042-585-7357
1101,유천점,대전광역시,중구,대전광역시 중구 유천동 285-19,042-582-4488
1102,인동점(대전),대전광역시,동구,대전광역시 동구 인동 147-7,042-271-2233
1103,자양점,대전광역시,동구,대전광역시 동구 자양동 190-36,042-626-7111
1104,전민점,대전광역시,유성구,"대전광역시 유성구 전민로10번길 49(전민동, 1층)",042-862-9962
1105,정림점,대전광역시,서구,대전광역시 서구 정림동 666번지,042-585-9289
1106,중리점(대전),대전광역시,대덕구,대전광역시 대덕구 중리남로 20,042-624-0430
1107,중촌점,대전광역시,중구,대전광역시 중구 목중로39번길 21,042-252-7008
1108,진잠점,대전광역시,유성구,대전광역시 유성구 원내동 343-6,042-543-5565
1109,탄방점,대전광역시,서구,대전광역시 서구 탄방동 804,042-489-8008
1110,태평2점,대전광역시,중구,대전광역시 중구 태평동 334-7,042-534-4455
1111,판암2점,대전광역시,동구,대전광역시 동구 판암동 234 6단지상가 101,042-272-2999
1112,학하.한밭대점,대전광역시,유성구,대전광역시 유성구 학하남로19번길 16(계산동),042-825-9280
1113,홍도점,대전광역시,동구,대전광역시 동구 홍도동 72-32,042-623-8177
